// Code generated by protoc-gen-go. DO NOT EDIT.
// versions:
// 	protoc-gen-go v1.36.5
// 	protoc        v5.29.3
// source: service.proto

package va_interface

import (
	_ "google.golang.org/genproto/googleapis/api/annotations"
	protoreflect "google.golang.org/protobuf/reflect/protoreflect"
	protoimpl "google.golang.org/protobuf/runtime/protoimpl"
	reflect "reflect"
	unsafe "unsafe"
)

const (
	// Verify that this generated code is sufficiently up-to-date.
	_ = protoimpl.EnforceVersion(20 - protoimpl.MinVersion)
	// Verify that runtime/protoimpl is sufficiently up-to-date.
	_ = protoimpl.EnforceVersion(protoimpl.MaxVersion - 20)
)

var File_service_proto protoreflect.FileDescriptor

var file_service_proto_rawDesc = string([]byte{
	0x0a, 0x0d, 0x73, 0x65, 0x72, 0x76, 0x69, 0x63, 0x65, 0x2e, 0x70, 0x72, 0x6f, 0x74, 0x6f, 0x12,
	0x0c, 0x76, 0x61, 0x5f, 0x69, 0x6e, 0x74, 0x65, 0x72, 0x66, 0x61, 0x63, 0x65, 0x1a, 0x0a, 0x61,
	0x75, 0x74, 0x68, 0x2e, 0x70, 0x72, 0x6f, 0x74, 0x6f, 0x1a, 0x0a, 0x63, 0x68, 0x61, 0x74, 0x2e,
	0x70, 0x72, 0x6f, 0x74, 0x6f, 0x1a, 0x13, 0x63, 0x6f, 0x6e, 0x66, 0x69, 0x67, 0x75, 0x72, 0x61,
	0x74, 0x69, 0x6f, 0x6e, 0x2e, 0x70, 0x72, 0x6f, 0x74, 0x6f, 0x1a, 0x0b, 0x6d, 0x65, 0x64, 0x69,
	0x61, 0x2e, 0x70, 0x72, 0x6f, 0x74, 0x6f, 0x1a, 0x0d, 0x70, 0x69, 0x63, 0x74, 0x75, 0x72, 0x65,
	0x2e, 0x70, 0x72, 0x6f, 0x74, 0x6f, 0x1a, 0x0d, 0x70, 0x72, 0x6f, 0x66, 0x69, 0x6c, 0x65, 0x2e,
	0x70, 0x72, 0x6f, 0x74, 0x6f, 0x1a, 0x0c, 0x70, 0x72, 0x6f, 0x6d, 0x70, 0x74, 0x2e, 0x70, 0x72,
	0x6f, 0x74, 0x6f, 0x1a, 0x0c, 0x72, 0x65, 0x70, 0x6f, 0x72, 0x74, 0x2e, 0x70, 0x72, 0x6f, 0x74,
	0x6f, 0x1a, 0x0f, 0x73, 0x75, 0x62, 0x73, 0x63, 0x72, 0x69, 0x62, 0x65, 0x2e, 0x70, 0x72, 0x6f,
	0x74, 0x6f, 0x1a, 0x09, 0x74, 0x74, 0x73, 0x2e, 0x70, 0x72, 0x6f, 0x74, 0x6f, 0x1a, 0x0e, 0x75,
	0x73, 0x65, 0x72, 0x69, 0x6e, 0x66, 0x6f, 0x2e, 0x70, 0x72, 0x6f, 0x74, 0x6f, 0x1a, 0x1c, 0x67,
	0x6f, 0x6f, 0x67, 0x6c, 0x65, 0x2f, 0x61, 0x70, 0x69, 0x2f, 0x61, 0x6e, 0x6e, 0x6f, 0x74, 0x61,
	0x74, 0x69, 0x6f, 0x6e, 0x73, 0x2e, 0x70, 0x72, 0x6f, 0x74, 0x6f, 0x32, 0xf6, 0x06, 0x0a, 0x0d,
	0x53, 0x79, 0x73, 0x74, 0x65, 0x6d, 0x53, 0x65, 0x72, 0x76, 0x69, 0x63, 0x65, 0x12, 0x8b, 0x01,
	0x0a, 0x13, 0x47, 0x65, 0x74, 0x41, 0x70, 0x70, 0x43, 0x6f, 0x6e, 0x66, 0x69, 0x67, 0x75, 0x72,
	0x61, 0x74, 0x69, 0x6f, 0x6e, 0x12, 0x22, 0x2e, 0x76, 0x61, 0x5f, 0x69, 0x6e, 0x74, 0x65, 0x72,
	0x66, 0x61, 0x63, 0x65, 0x2e, 0x43, 0x6f, 0x6e, 0x66, 0x69, 0x67, 0x75, 0x72, 0x61, 0x74, 0x69,
	0x6f, 0x6e, 0x52, 0x65, 0x71, 0x75, 0x65, 0x73, 0x74, 0x1a, 0x23, 0x2e, 0x76, 0x61, 0x5f, 0x69,
	0x6e, 0x74, 0x65, 0x72, 0x66, 0x61, 0x63, 0x65, 0x2e, 0x43, 0x6f, 0x6e, 0x66, 0x69, 0x67, 0x75,
	0x72, 0x61, 0x74, 0x69, 0x6f, 0x6e, 0x52, 0x65, 0x73, 0x70, 0x6f, 0x6e, 0x73, 0x65, 0x22, 0x2b,
	0x82, 0xd3, 0xe4, 0x93, 0x02, 0x25, 0x3a, 0x01, 0x2a, 0x22, 0x20, 0x2f, 0x76, 0x31, 0x2f, 0x73,
	0x79, 0x73, 0x74, 0x65, 0x6d, 0x2f, 0x67, 0x65, 0x74, 0x5f, 0x61, 0x70, 0x70, 0x5f, 0x63, 0x6f,
	0x6e, 0x66, 0x69, 0x67, 0x75, 0x72, 0x61, 0x74, 0x69, 0x6f, 0x6e, 0x12, 0x8a, 0x01, 0x0a, 0x11,
	0x47, 0x65, 0x74, 0x46, 0x65, 0x65, 0x64, 0x42, 0x61, 0x63, 0x6b, 0x43, 0x6f, 0x6e, 0x66, 0x69,
	0x67, 0x12, 0x23, 0x2e, 0x76, 0x61, 0x5f, 0x69, 0x6e, 0x74, 0x65, 0x72, 0x66, 0x61, 0x63, 0x65,
	0x2e, 0x46, 0x65, 0x65, 0x64, 0x62, 0x61, 0x63, 0x6b, 0x43, 0x6f, 0x6e, 0x66, 0x69, 0x67, 0x52,
	0x65, 0x71, 0x75, 0x65, 0x73, 0x74, 0x1a, 0x24, 0x2e, 0x76, 0x61, 0x5f, 0x69, 0x6e, 0x74, 0x65,
	0x72, 0x66, 0x61, 0x63, 0x65, 0x2e, 0x46, 0x65, 0x65, 0x64, 0x62, 0x61, 0x63, 0x6b, 0x43, 0x6f,
	0x6e, 0x66, 0x69, 0x67, 0x52, 0x65, 0x73, 0x70, 0x6f, 0x6e, 0x73, 0x65, 0x22, 0x2a, 0x82, 0xd3,
	0xe4, 0x93, 0x02, 0x24, 0x3a, 0x01, 0x2a, 0x22, 0x1f, 0x2f, 0x76, 0x31, 0x2f, 0x73, 0x79, 0x73,
	0x74, 0x65, 0x6d, 0x2f, 0x67, 0x65, 0x74, 0x5f, 0x66, 0x65, 0x65, 0x64, 0x5f, 0x62, 0x61, 0x63,
	0x6b, 0x5f, 0x63, 0x6f, 0x6e, 0x66, 0x69, 0x67, 0x12, 0x9a, 0x01, 0x0a, 0x15, 0x47, 0x65, 0x74,
	0x45, 0x6d, 0x6f, 0x74, 0x69, 0x6f, 0x6e, 0x61, 0x6c, 0x53, 0x74, 0x61, 0x74, 0x65, 0x4c, 0x69,
	0x73, 0x74, 0x12, 0x27, 0x2e, 0x76, 0x61, 0x5f, 0x69, 0x6e, 0x74, 0x65, 0x72, 0x66, 0x61, 0x63,
	0x65, 0x2e, 0x45, 0x6d, 0x6f, 0x74, 0x69, 0x6f, 0x6e, 0x61, 0x6c, 0x53, 0x74, 0x61, 0x74, 0x65,
	0x4c, 0x69, 0x73, 0x74, 0x52, 0x65, 0x71, 0x75, 0x65, 0x73, 0x74, 0x1a, 0x28, 0x2e, 0x76, 0x61,
	0x5f, 0x69, 0x6e, 0x74, 0x65, 0x72, 0x66, 0x61, 0x63, 0x65, 0x2e, 0x45, 0x6d, 0x6f, 0x74, 0x69,
	0x6f, 0x6e, 0x61, 0x6c, 0x53, 0x74, 0x61, 0x74, 0x65, 0x4c, 0x69, 0x73, 0x74, 0x52, 0x65, 0x73,
	0x70, 0x6f, 0x6e, 0x73, 0x65, 0x22, 0x2e, 0x82, 0xd3, 0xe4, 0x93, 0x02, 0x28, 0x3a, 0x01, 0x2a,
	0x22, 0x23, 0x2f, 0x76, 0x31, 0x2f, 0x73, 0x79, 0x73, 0x74, 0x65, 0x6d, 0x2f, 0x67, 0x65, 0x74,
	0x5f, 0x65, 0x6d, 0x6f, 0x74, 0x69, 0x6f, 0x6e, 0x61, 0x6c, 0x5f, 0x73, 0x74, 0x61, 0x74, 0x65,
	0x5f, 0x6c, 0x69, 0x73, 0x74, 0x12, 0x81, 0x01, 0x0a, 0x0f, 0x47, 0x65, 0x74, 0x52, 0x65, 0x6c,
	0x61, 0x74, 0x69, 0x6f, 0x6e, 0x4c, 0x69, 0x73, 0x74, 0x12, 0x21, 0x2e, 0x76, 0x61, 0x5f, 0x69,
	0x6e, 0x74, 0x65, 0x72, 0x66, 0x61, 0x63, 0x65, 0x2e, 0x52, 0x65, 0x6c, 0x61, 0x74, 0x69, 0x6f,
	0x6e, 0x4c, 0x69, 0x73, 0x74, 0x52, 0x65, 0x71, 0x75, 0x65, 0x73, 0x74, 0x1a, 0x22, 0x2e, 0x76,
	0x61, 0x5f, 0x69, 0x6e, 0x74, 0x65, 0x72, 0x66, 0x61, 0x63, 0x65, 0x2e, 0x52, 0x65, 0x6c, 0x61,
	0x74, 0x69, 0x6f, 0x6e, 0x4c, 0x69, 0x73, 0x74, 0x52, 0x65, 0x73, 0x70, 0x6f, 0x6e, 0x73, 0x65,
	0x22, 0x27, 0x82, 0xd3, 0xe4, 0x93, 0x02, 0x21, 0x3a, 0x01, 0x2a, 0x22, 0x1c, 0x2f, 0x76, 0x31,
	0x2f, 0x73, 0x79, 0x73, 0x74, 0x65, 0x6d, 0x2f, 0x67, 0x65, 0x74, 0x5f, 0x72, 0x65, 0x6c, 0x61,
	0x74, 0x69, 0x6f, 0x6e, 0x5f, 0x6c, 0x69, 0x73, 0x74, 0x12, 0x86, 0x01, 0x0a, 0x10, 0x47, 0x65,
	0x74, 0x46, 0x69, 0x78, 0x65, 0x64, 0x54, 0x65, 0x78, 0x74, 0x44, 0x61, 0x74, 0x61, 0x12, 0x22,
	0x2e, 0x76, 0x61, 0x5f, 0x69, 0x6e, 0x74, 0x65, 0x72, 0x66, 0x61, 0x63, 0x65, 0x2e, 0x46, 0x69,
	0x78, 0x65, 0x64, 0x54, 0x65, 0x78, 0x74, 0x44, 0x61, 0x74, 0x61, 0x52, 0x65, 0x71, 0x75, 0x65,
	0x73, 0x74, 0x1a, 0x23, 0x2e, 0x76, 0x61, 0x5f, 0x69, 0x6e, 0x74, 0x65, 0x72, 0x66, 0x61, 0x63,
	0x65, 0x2e, 0x46, 0x69, 0x78, 0x65, 0x64, 0x54, 0x65, 0x78, 0x74, 0x44, 0x61, 0x74, 0x61, 0x52,
	0x65, 0x73, 0x70, 0x6f, 0x6e, 0x73, 0x65, 0x22, 0x29, 0x82, 0xd3, 0xe4, 0x93, 0x02, 0x23, 0x3a,
	0x01, 0x2a, 0x22, 0x1e, 0x2f, 0x76, 0x31, 0x2f, 0x73, 0x79, 0x73, 0x74, 0x65, 0x6d, 0x2f, 0x67,
	0x65, 0x74, 0x5f, 0x66, 0x69, 0x78, 0x65, 0x64, 0x5f, 0x74, 0x65, 0x78, 0x74, 0x5f, 0x64, 0x61,
	0x74, 0x61, 0x12, 0x9f, 0x01, 0x0a, 0x15, 0x47, 0x65, 0x74, 0x50, 0x6f, 0x70, 0x75, 0x70, 0x4e,
	0x6f, 0x74, 0x69, 0x66, 0x69, 0x63, 0x61, 0x74, 0x69, 0x6f, 0x6e, 0x73, 0x12, 0x2a, 0x2e, 0x76,
	0x61, 0x5f, 0x69, 0x6e, 0x74, 0x65, 0x72, 0x66, 0x61, 0x63, 0x65, 0x2e, 0x47, 0x65, 0x74, 0x50,
	0x6f, 0x70, 0x75, 0x70, 0x4e, 0x6f, 0x74, 0x69, 0x66, 0x69, 0x63, 0x61, 0x74, 0x69, 0x6f, 0x6e,
	0x73, 0x52, 0x65, 0x71, 0x75, 0x65, 0x73, 0x74, 0x1a, 0x2b, 0x2e, 0x76, 0x61, 0x5f, 0x69, 0x6e,
	0x74, 0x65, 0x72, 0x66, 0x61, 0x63, 0x65, 0x2e, 0x47, 0x65, 0x74, 0x50, 0x6f, 0x70, 0x75, 0x70,
	0x4e, 0x6f, 0x74, 0x69, 0x66, 0x69, 0x63, 0x61, 0x74, 0x69, 0x6f, 0x6e, 0x73, 0x52, 0x65, 0x73,
	0x70, 0x6f, 0x6e, 0x73, 0x65, 0x22, 0x2d, 0x82, 0xd3, 0xe4, 0x93, 0x02, 0x27, 0x3a, 0x01, 0x2a,
	0x22, 0x22, 0x2f, 0x76, 0x31, 0x2f, 0x73, 0x79, 0x73, 0x74, 0x65, 0x6d, 0x2f, 0x67, 0x65, 0x74,
	0x5f, 0x70, 0x6f, 0x70, 0x75, 0x70, 0x5f, 0x6e, 0x6f, 0x74, 0x69, 0x66, 0x69, 0x63, 0x61, 0x74,
	0x69, 0x6f, 0x6e, 0x73, 0x32, 0xe9, 0x04, 0x0a, 0x0b, 0x55, 0x73, 0x65, 0x72, 0x53, 0x65, 0x72,
	0x76, 0x69, 0x63, 0x65, 0x12, 0x6f, 0x0a, 0x0b, 0x47, 0x65, 0x74, 0x55, 0x73, 0x65, 0x72, 0x49,
	0x6e, 0x66, 0x6f, 0x12, 0x1d, 0x2e, 0x76, 0x61, 0x5f, 0x69, 0x6e, 0x74, 0x65, 0x72, 0x66, 0x61,
	0x63, 0x65, 0x2e, 0x55, 0x73, 0x65, 0x72, 0x49, 0x6e, 0x66, 0x6f, 0x52, 0x65, 0x71, 0x75, 0x65,
	0x73, 0x74, 0x1a, 0x1e, 0x2e, 0x76, 0x61, 0x5f, 0x69, 0x6e, 0x74, 0x65, 0x72, 0x66, 0x61, 0x63,
	0x65, 0x2e, 0x55, 0x73, 0x65, 0x72, 0x49, 0x6e, 0x66, 0x6f, 0x52, 0x65, 0x73, 0x70, 0x6f, 0x6e,
	0x73, 0x65, 0x22, 0x21, 0x82, 0xd3, 0xe4, 0x93, 0x02, 0x1b, 0x3a, 0x01, 0x2a, 0x22, 0x16, 0x2f,
	0x76, 0x31, 0x2f, 0x75, 0x73, 0x65, 0x72, 0x2f, 0x67, 0x65, 0x74, 0x5f, 0x75, 0x73, 0x65, 0x72,
	0x5f, 0x69, 0x6e, 0x66, 0x6f, 0x12, 0x79, 0x0a, 0x0c, 0x45, 0x64, 0x69, 0x74, 0x55, 0x73, 0x65,
	0x72, 0x4e, 0x61, 0x6d, 0x65, 0x12, 0x21, 0x2e, 0x76, 0x61, 0x5f, 0x69, 0x6e, 0x74, 0x65, 0x72,
	0x66, 0x61, 0x63, 0x65, 0x2e, 0x45, 0x64, 0x69, 0x74, 0x55, 0x73, 0x65, 0x72, 0x4e, 0x61, 0x6d,
	0x65, 0x52, 0x65, 0x71, 0x75, 0x65, 0x73, 0x74, 0x1a, 0x22, 0x2e, 0x76, 0x61, 0x5f, 0x69, 0x6e,
	0x74, 0x65, 0x72, 0x66, 0x61, 0x63, 0x65, 0x2e, 0x45, 0x64, 0x69, 0x74, 0x55, 0x73, 0x65, 0x72,
	0x4e, 0x61, 0x6d, 0x65, 0x52, 0x65, 0x73, 0x70, 0x6f, 0x6e, 0x73, 0x65, 0x22, 0x22, 0x82, 0xd3,
	0xe4, 0x93, 0x02, 0x1c, 0x3a, 0x01, 0x2a, 0x22, 0x17, 0x2f, 0x76, 0x31, 0x2f, 0x75, 0x73, 0x65,
	0x72, 0x2f, 0x65, 0x64, 0x69, 0x74, 0x5f, 0x75, 0x73, 0x65, 0x72, 0x5f, 0x6e, 0x61, 0x6d, 0x65,
	0x12, 0x70, 0x0a, 0x0a, 0x44, 0x65, 0x6c, 0x65, 0x74, 0x65, 0x55, 0x73, 0x65, 0x72, 0x12, 0x1f,
	0x2e, 0x76, 0x61, 0x5f, 0x69, 0x6e, 0x74, 0x65, 0x72, 0x66, 0x61, 0x63, 0x65, 0x2e, 0x44, 0x65,
	0x6c, 0x65, 0x74, 0x65, 0x55, 0x73, 0x65, 0x72, 0x52, 0x65, 0x71, 0x75, 0x65, 0x73, 0x74, 0x1a,
	0x20, 0x2e, 0x76, 0x61, 0x5f, 0x69, 0x6e, 0x74, 0x65, 0x72, 0x66, 0x61, 0x63, 0x65, 0x2e, 0x44,
	0x65, 0x6c, 0x65, 0x74, 0x65, 0x55, 0x73, 0x65, 0x72, 0x52, 0x65, 0x73, 0x70, 0x6f, 0x6e, 0x73,
	0x65, 0x22, 0x1f, 0x82, 0xd3, 0xe4, 0x93, 0x02, 0x19, 0x3a, 0x01, 0x2a, 0x22, 0x14, 0x2f, 0x76,
	0x31, 0x2f, 0x75, 0x73, 0x65, 0x72, 0x2f, 0x64, 0x65, 0x6c, 0x65, 0x74, 0x65, 0x5f, 0x75, 0x73,
	0x65, 0x72, 0x12, 0x80, 0x01, 0x0a, 0x0f, 0x55, 0x73, 0x65, 0x72, 0x4e, 0x6f, 0x74, 0x69, 0x66,
	0x79, 0x54, 0x6f, 0x6b, 0x65, 0x6e, 0x12, 0x24, 0x2e, 0x76, 0x61, 0x5f, 0x69, 0x6e, 0x74, 0x65,
	0x72, 0x66, 0x61, 0x63, 0x65, 0x2e, 0x55, 0x73, 0x65, 0x72, 0x4e, 0x6f, 0x74, 0x69, 0x66, 0x79,
	0x54, 0x6f, 0x6b, 0x65, 0x6e, 0x52, 0x65, 0x71, 0x75, 0x65, 0x73, 0x74, 0x1a, 0x25, 0x2e, 0x76,
	0x61, 0x5f, 0x69, 0x6e, 0x74, 0x65, 0x72, 0x66, 0x61, 0x63, 0x65, 0x2e, 0x55, 0x73, 0x65, 0x72,
	0x4e, 0x6f, 0x74, 0x69, 0x66, 0x79, 0x54, 0x6f, 0x6b, 0x65, 0x6e, 0x52, 0x65, 0x73, 0x70, 0x6f,
	0x6e, 0x73, 0x65, 0x22, 0x20, 0x82, 0xd3, 0xe4, 0x93, 0x02, 0x1a, 0x3a, 0x01, 0x2a, 0x22, 0x15,
	0x2f, 0x76, 0x31, 0x2f, 0x75, 0x73, 0x65, 0x72, 0x2f, 0x6e, 0x6f, 0x74, 0x69, 0x66, 0x79, 0x5f,
	0x74, 0x6f, 0x6b, 0x65, 0x6e, 0x12, 0x79, 0x0a, 0x0c, 0x45, 0x64, 0x69, 0x74, 0x55, 0x73, 0x65,
	0x72, 0x49, 0x6e, 0x66, 0x6f, 0x12, 0x21, 0x2e, 0x76, 0x61, 0x5f, 0x69, 0x6e, 0x74, 0x65, 0x72,
	0x66, 0x61, 0x63, 0x65, 0x2e, 0x45, 0x64, 0x69, 0x74, 0x55, 0x73, 0x65, 0x72, 0x49, 0x6e, 0x66,
	0x6f, 0x52, 0x65, 0x71, 0x75, 0x65, 0x73, 0x74, 0x1a, 0x22, 0x2e, 0x76, 0x61, 0x5f, 0x69, 0x6e,
	0x74, 0x65, 0x72, 0x66, 0x61, 0x63, 0x65, 0x2e, 0x45, 0x64, 0x69, 0x74, 0x55, 0x73, 0x65, 0x72,
	0x49, 0x6e, 0x66, 0x6f, 0x52, 0x65, 0x73, 0x70, 0x6f, 0x6e, 0x73, 0x65, 0x22, 0x22, 0x82, 0xd3,
	0xe4, 0x93, 0x02, 0x1c, 0x3a, 0x01, 0x2a, 0x22, 0x17, 0x2f, 0x76, 0x31, 0x2f, 0x75, 0x73, 0x65,
	0x72, 0x2f, 0x65, 0x64, 0x69, 0x74, 0x5f, 0x75, 0x73, 0x65, 0x72, 0x5f, 0x69, 0x6e, 0x66, 0x6f,
	0x32, 0xe0, 0x05, 0x0a, 0x0e, 0x50, 0x72, 0x6f, 0x66, 0x69, 0x6c, 0x65, 0x53, 0x65, 0x72, 0x76,
	0x69, 0x63, 0x65, 0x12, 0x64, 0x0a, 0x11, 0x43, 0x72, 0x65, 0x61, 0x74, 0x65, 0x55, 0x73, 0x65,
	0x72, 0x50, 0x72, 0x6f, 0x66, 0x69, 0x6c, 0x65, 0x12, 0x26, 0x2e, 0x76, 0x61, 0x5f, 0x69, 0x6e,
	0x74, 0x65, 0x72, 0x66, 0x61, 0x63, 0x65, 0x2e, 0x43, 0x72, 0x65, 0x61, 0x74, 0x65, 0x55, 0x73,
	0x65, 0x72, 0x50, 0x72, 0x6f, 0x66, 0x69, 0x6c, 0x65, 0x52, 0x65, 0x71, 0x75, 0x65, 0x73, 0x74,
	0x1a, 0x27, 0x2e, 0x76, 0x61, 0x5f, 0x69, 0x6e, 0x74, 0x65, 0x72, 0x66, 0x61, 0x63, 0x65, 0x2e,
	0x43, 0x72, 0x65, 0x61, 0x74, 0x65, 0x55, 0x73, 0x65, 0x72, 0x50, 0x72, 0x6f, 0x66, 0x69, 0x6c,
	0x65, 0x52, 0x65, 0x73, 0x70, 0x6f, 0x6e, 0x73, 0x65, 0x12, 0x5e, 0x0a, 0x0f, 0x45, 0x64, 0x69,
	0x74, 0x55, 0x73, 0x65, 0x72, 0x50, 0x72, 0x6f, 0x66, 0x69, 0x6c, 0x65, 0x12, 0x24, 0x2e, 0x76,
	0x61, 0x5f, 0x69, 0x6e, 0x74, 0x65, 0x72, 0x66, 0x61, 0x63, 0x65, 0x2e, 0x45, 0x64, 0x69, 0x74,
	0x55, 0x73, 0x65, 0x72, 0x50, 0x72, 0x6f, 0x66, 0x69, 0x6c, 0x65, 0x52, 0x65, 0x71, 0x75, 0x65,
	0x73, 0x74, 0x1a, 0x25, 0x2e, 0x76, 0x61, 0x5f, 0x69, 0x6e, 0x74, 0x65, 0x72, 0x66, 0x61, 0x63,
	0x65, 0x2e, 0x45, 0x64, 0x69, 0x74, 0x55, 0x73, 0x65, 0x72, 0x50, 0x72, 0x6f, 0x66, 0x69, 0x6c,
	0x65, 0x52, 0x65, 0x73, 0x70, 0x6f, 0x6e, 0x73, 0x65, 0x12, 0x5b, 0x0a, 0x0e, 0x47, 0x65, 0x74,
	0x55, 0x73, 0x65, 0x72, 0x50, 0x72, 0x6f, 0x66, 0x69, 0x6c, 0x65, 0x12, 0x23, 0x2e, 0x76, 0x61,
	0x5f, 0x69, 0x6e, 0x74, 0x65, 0x72, 0x66, 0x61, 0x63, 0x65, 0x2e, 0x47, 0x65, 0x74, 0x55, 0x73,
	0x65, 0x72, 0x50, 0x72, 0x6f, 0x66, 0x69, 0x6c, 0x65, 0x52, 0x65, 0x71, 0x75, 0x65, 0x73, 0x74,
	0x1a, 0x24, 0x2e, 0x76, 0x61, 0x5f, 0x69, 0x6e, 0x74, 0x65, 0x72, 0x66, 0x61, 0x63, 0x65, 0x2e,
	0x47, 0x65, 0x74, 0x55, 0x73, 0x65, 0x72, 0x50, 0x72, 0x6f, 0x66, 0x69, 0x6c, 0x65, 0x52, 0x65,
	0x73, 0x70, 0x6f, 0x6e, 0x73, 0x65, 0x12, 0x6d, 0x0a, 0x14, 0x47, 0x65, 0x74, 0x43, 0x75, 0x73,
	0x74, 0x6f, 0x6d, 0x50, 0x72, 0x6f, 0x66, 0x69, 0x6c, 0x65, 0x4c, 0x69, 0x73, 0x74, 0x12, 0x29,
	0x2e, 0x76, 0x61, 0x5f, 0x69, 0x6e, 0x74, 0x65, 0x72, 0x66, 0x61, 0x63, 0x65, 0x2e, 0x47, 0x65,
	0x74, 0x43, 0x75, 0x73, 0x74, 0x6f, 0x6d, 0x50, 0x72, 0x6f, 0x66, 0x69, 0x6c, 0x65, 0x4c, 0x69,
	0x73, 0x74, 0x52, 0x65, 0x71, 0x75, 0x65, 0x73, 0x74, 0x1a, 0x2a, 0x2e, 0x76, 0x61, 0x5f, 0x69,
	0x6e, 0x74, 0x65, 0x72, 0x66, 0x61, 0x63, 0x65, 0x2e, 0x47, 0x65, 0x74, 0x43, 0x75, 0x73, 0x74,
	0x6f, 0x6d, 0x50, 0x72, 0x6f, 0x66, 0x69, 0x6c, 0x65, 0x4c, 0x69, 0x73, 0x74, 0x52, 0x65, 0x73,
	0x70, 0x6f, 0x6e, 0x73, 0x65, 0x12, 0x6a, 0x0a, 0x13, 0x43, 0x72, 0x65, 0x61, 0x74, 0x65, 0x43,
	0x75, 0x73, 0x74, 0x6f, 0x6d, 0x50, 0x72, 0x6f, 0x66, 0x69, 0x6c, 0x65, 0x12, 0x28, 0x2e, 0x76,
	0x61, 0x5f, 0x69, 0x6e, 0x74, 0x65, 0x72, 0x66, 0x61, 0x63, 0x65, 0x2e, 0x43, 0x72, 0x65, 0x61,
	0x74, 0x65, 0x43, 0x75, 0x73, 0x74, 0x6f, 0x6d, 0x50, 0x72, 0x6f, 0x66, 0x69, 0x6c, 0x65, 0x52,
	0x65, 0x71, 0x75, 0x65, 0x73, 0x74, 0x1a, 0x29, 0x2e, 0x76, 0x61, 0x5f, 0x69, 0x6e, 0x74, 0x65,
	0x72, 0x66, 0x61, 0x63, 0x65, 0x2e, 0x43, 0x72, 0x65, 0x61, 0x74, 0x65, 0x43, 0x75, 0x73, 0x74,
	0x6f, 0x6d, 0x50, 0x72, 0x6f, 0x66, 0x69, 0x6c, 0x65, 0x52, 0x65, 0x73, 0x70, 0x6f, 0x6e, 0x73,
	0x65, 0x12, 0x6a, 0x0a, 0x13, 0x44, 0x65, 0x6c, 0x65, 0x74, 0x65, 0x43, 0x75, 0x73, 0x74, 0x6f,
	0x6d, 0x50, 0x72, 0x6f, 0x66, 0x69, 0x6c, 0x65, 0x12, 0x28, 0x2e, 0x76, 0x61, 0x5f, 0x69, 0x6e,
	0x74, 0x65, 0x72, 0x66, 0x61, 0x63, 0x65, 0x2e, 0x44, 0x65, 0x6c, 0x65, 0x74, 0x65, 0x43, 0x75,
	0x73, 0x74, 0x6f, 0x6d, 0x50, 0x72, 0x6f, 0x66, 0x69, 0x6c, 0x65, 0x52, 0x65, 0x71, 0x75, 0x65,
	0x73, 0x74, 0x1a, 0x29, 0x2e, 0x76, 0x61, 0x5f, 0x69, 0x6e, 0x74, 0x65, 0x72, 0x66, 0x61, 0x63,
	0x65, 0x2e, 0x44, 0x65, 0x6c, 0x65, 0x74, 0x65, 0x43, 0x75, 0x73, 0x74, 0x6f, 0x6d, 0x50, 0x72,
	0x6f, 0x66, 0x69, 0x6c, 0x65, 0x52, 0x65, 0x73, 0x70, 0x6f, 0x6e, 0x73, 0x65, 0x12, 0x64, 0x0a,
	0x11, 0x45, 0x64, 0x69, 0x74, 0x43, 0x75, 0x73, 0x74, 0x6f, 0x6d, 0x50, 0x72, 0x6f, 0x66, 0x69,
	0x6c, 0x65, 0x12, 0x26, 0x2e, 0x76, 0x61, 0x5f, 0x69, 0x6e, 0x74, 0x65, 0x72, 0x66, 0x61, 0x63,
	0x65, 0x2e, 0x45, 0x64, 0x69, 0x74, 0x43, 0x75, 0x73, 0x74, 0x6f, 0x6d, 0x50, 0x72, 0x6f, 0x66,
	0x69, 0x6c, 0x65, 0x52, 0x65, 0x71, 0x75, 0x65, 0x73, 0x74, 0x1a, 0x27, 0x2e, 0x76, 0x61, 0x5f,
	0x69, 0x6e, 0x74, 0x65, 0x72, 0x66, 0x61, 0x63, 0x65, 0x2e, 0x45, 0x64, 0x69, 0x74, 0x43, 0x75,
	0x73, 0x74, 0x6f, 0x6d, 0x50, 0x72, 0x6f, 0x66, 0x69, 0x6c, 0x65, 0x52, 0x65, 0x73, 0x70, 0x6f,
	0x6e, 0x73, 0x65, 0x32, 0xb4, 0x0c, 0x0a, 0x0b, 0x43, 0x68, 0x61, 0x74, 0x53, 0x65, 0x72, 0x76,
	0x69, 0x63, 0x65, 0x12, 0x6f, 0x0a, 0x0b, 0x47, 0x65, 0x74, 0x43, 0x68, 0x61, 0x74, 0x4c, 0x69,
	0x73, 0x74, 0x12, 0x1d, 0x2e, 0x76, 0x61, 0x5f, 0x69, 0x6e, 0x74, 0x65, 0x72, 0x66, 0x61, 0x63,
	0x65, 0x2e, 0x43, 0x68, 0x61, 0x74, 0x4c, 0x69, 0x73, 0x74, 0x52, 0x65, 0x71, 0x75, 0x65, 0x73,
	0x74, 0x1a, 0x1e, 0x2e, 0x76, 0x61, 0x5f, 0x69, 0x6e, 0x74, 0x65, 0x72, 0x66, 0x61, 0x63, 0x65,
	0x2e, 0x43, 0x68, 0x61, 0x74, 0x4c, 0x69, 0x73, 0x74, 0x52, 0x65, 0x73, 0x70, 0x6f, 0x6e, 0x73,
	0x65, 0x22, 0x21, 0x82, 0xd3, 0xe4, 0x93, 0x02, 0x1b, 0x3a, 0x01, 0x2a, 0x22, 0x16, 0x2f, 0x76,
	0x31, 0x2f, 0x63, 0x68, 0x61, 0x74, 0x2f, 0x67, 0x65, 0x74, 0x5f, 0x63, 0x68, 0x61, 0x74, 0x5f,
	0x6c, 0x69, 0x73, 0x74, 0x12, 0x83, 0x01, 0x0a, 0x0e, 0x47, 0x65, 0x74, 0x43, 0x68, 0x61, 0x74,
	0x4d, 0x65, 0x73, 0x73, 0x61, 0x67, 0x65, 0x12, 0x24, 0x2e, 0x76, 0x61, 0x5f, 0x69, 0x6e, 0x74,
	0x65, 0x72, 0x66, 0x61, 0x63, 0x65, 0x2e, 0x43, 0x68, 0x61, 0x74, 0x4d, 0x65, 0x73, 0x73, 0x61,
	0x67, 0x65, 0x4c, 0x69, 0x73, 0x74, 0x52, 0x65, 0x71, 0x75, 0x65, 0x73, 0x74, 0x1a, 0x25, 0x2e,
	0x76, 0x61, 0x5f, 0x69, 0x6e, 0x74, 0x65, 0x72, 0x66, 0x61, 0x63, 0x65, 0x2e, 0x43, 0x68, 0x61,
	0x74, 0x4d, 0x65, 0x73, 0x73, 0x61, 0x67, 0x65, 0x4c, 0x69, 0x73, 0x74, 0x52, 0x65, 0x73, 0x70,
	0x6f, 0x6e, 0x73, 0x65, 0x22, 0x24, 0x82, 0xd3, 0xe4, 0x93, 0x02, 0x1e, 0x3a, 0x01, 0x2a, 0x22,
	0x19, 0x2f, 0x76, 0x31, 0x2f, 0x63, 0x68, 0x61, 0x74, 0x2f, 0x67, 0x65, 0x74, 0x5f, 0x63, 0x68,
	0x61, 0x74, 0x5f, 0x6d, 0x65, 0x73, 0x73, 0x61, 0x67, 0x65, 0x12, 0x96, 0x01, 0x0a, 0x15, 0x53,
	0x65, 0x6e, 0x64, 0x43, 0x68, 0x61, 0x74, 0x4d, 0x65, 0x73, 0x73, 0x61, 0x67, 0x65, 0x53, 0x74,
	0x72, 0x65, 0x61, 0x6d, 0x12, 0x24, 0x2e, 0x76, 0x61, 0x5f, 0x69, 0x6e, 0x74, 0x65, 0x72, 0x66,
	0x61, 0x63, 0x65, 0x2e, 0x43, 0x68, 0x61, 0x74, 0x4d, 0x65, 0x73, 0x73, 0x61, 0x67, 0x65, 0x53,
	0x65, 0x6e, 0x64, 0x52, 0x65, 0x71, 0x75, 0x65, 0x73, 0x74, 0x1a, 0x27, 0x2e, 0x76, 0x61, 0x5f,
	0x69, 0x6e, 0x74, 0x65, 0x72, 0x66, 0x61, 0x63, 0x65, 0x2e, 0x43, 0x68, 0x61, 0x74, 0x4d, 0x65,
	0x73, 0x73, 0x61, 0x67, 0x65, 0x53, 0x74, 0x72, 0x65, 0x61, 0x6d, 0x52, 0x65, 0x73, 0x70, 0x6f,
	0x6e, 0x73, 0x65, 0x22, 0x2c, 0x82, 0xd3, 0xe4, 0x93, 0x02, 0x26, 0x3a, 0x01, 0x2a, 0x22, 0x21,
	0x2f, 0x76, 0x31, 0x2f, 0x63, 0x68, 0x61, 0x74, 0x2f, 0x73, 0x65, 0x6e, 0x64, 0x5f, 0x63, 0x68,
	0x61, 0x74, 0x5f, 0x6d, 0x65, 0x73, 0x73, 0x61, 0x67, 0x65, 0x5f, 0x73, 0x74, 0x72, 0x65, 0x61,
	0x6d, 0x30, 0x01, 0x12, 0x74, 0x0a, 0x0b, 0x43, 0x68, 0x61, 0x74, 0x41, 0x72, 0x63, 0x68, 0x69,
	0x76, 0x65, 0x12, 0x20, 0x2e, 0x76, 0x61, 0x5f, 0x69, 0x6e, 0x74, 0x65, 0x72, 0x66, 0x61, 0x63,
	0x65, 0x2e, 0x43, 0x68, 0x61, 0x74, 0x41, 0x72, 0x63, 0x68, 0x69, 0x76, 0x65, 0x52, 0x65, 0x71,
	0x75, 0x65, 0x73, 0x74, 0x1a, 0x21, 0x2e, 0x76, 0x61, 0x5f, 0x69, 0x6e, 0x74, 0x65, 0x72, 0x66,
	0x61, 0x63, 0x65, 0x2e, 0x43, 0x68, 0x61, 0x74, 0x41, 0x72, 0x63, 0x68, 0x69, 0x76, 0x65, 0x52,
	0x65, 0x73, 0x70, 0x6f, 0x6e, 0x73, 0x65, 0x22, 0x20, 0x82, 0xd3, 0xe4, 0x93, 0x02, 0x1a, 0x3a,
	0x01, 0x2a, 0x22, 0x15, 0x2f, 0x76, 0x31, 0x2f, 0x63, 0x68, 0x61, 0x74, 0x2f, 0x63, 0x68, 0x61,
	0x74, 0x5f, 0x61, 0x72, 0x63, 0x68, 0x69, 0x76, 0x65, 0x12, 0x8d, 0x01, 0x0a, 0x11, 0x44, 0x65,
	0x6c, 0x65, 0x74, 0x65, 0x43, 0x68, 0x61, 0x74, 0x4d, 0x65, 0x73, 0x73, 0x61, 0x67, 0x65, 0x12,
	0x26, 0x2e, 0x76, 0x61, 0x5f, 0x69, 0x6e, 0x74, 0x65, 0x72, 0x66, 0x61, 0x63, 0x65, 0x2e, 0x44,
	0x65, 0x6c, 0x65, 0x74, 0x65, 0x43, 0x68, 0x61, 0x74, 0x4d, 0x65, 0x73, 0x73, 0x61, 0x67, 0x65,
	0x52, 0x65, 0x71, 0x75, 0x65, 0x73, 0x74, 0x1a, 0x27, 0x2e, 0x76, 0x61, 0x5f, 0x69, 0x6e, 0x74,
	0x65, 0x72, 0x66, 0x61, 0x63, 0x65, 0x2e, 0x44, 0x65, 0x6c, 0x65, 0x74, 0x65, 0x43, 0x68, 0x61,
	0x74, 0x4d, 0x65, 0x73, 0x73, 0x61, 0x67, 0x65, 0x52, 0x65, 0x73, 0x70, 0x6f, 0x6e, 0x73, 0x65,
	0x22, 0x27, 0x82, 0xd3, 0xe4, 0x93, 0x02, 0x21, 0x3a, 0x01, 0x2a, 0x22, 0x1c, 0x2f, 0x76, 0x31,
	0x2f, 0x63, 0x68, 0x61, 0x74, 0x2f, 0x64, 0x65, 0x6c, 0x65, 0x74, 0x65, 0x5f, 0x63, 0x68, 0x61,
	0x74, 0x5f, 0x6d, 0x65, 0x73, 0x73, 0x61, 0x67, 0x65, 0x12, 0x89, 0x01, 0x0a, 0x10, 0x43, 0x6c,
	0x65, 0x61, 0x72, 0x43, 0x68, 0x61, 0x74, 0x48, 0x69, 0x73, 0x74, 0x6f, 0x72, 0x79, 0x12, 0x25,
	0x2e, 0x76, 0x61, 0x5f, 0x69, 0x6e, 0x74, 0x65, 0x72, 0x66, 0x61, 0x63, 0x65, 0x2e, 0x43, 0x6c,
	0x65, 0x61, 0x72, 0x43, 0x68, 0x61, 0x74, 0x48, 0x69, 0x73, 0x74, 0x6f, 0x72, 0x79, 0x52, 0x65,
	0x71, 0x75, 0x65, 0x73, 0x74, 0x1a, 0x26, 0x2e, 0x76, 0x61, 0x5f, 0x69, 0x6e, 0x74, 0x65, 0x72,
	0x66, 0x61, 0x63, 0x65, 0x2e, 0x43, 0x6c, 0x65, 0x61, 0x72, 0x43, 0x68, 0x61, 0x74, 0x48, 0x69,
	0x73, 0x74, 0x6f, 0x72, 0x79, 0x52, 0x65, 0x73, 0x70, 0x6f, 0x6e, 0x73, 0x65, 0x22, 0x26, 0x82,
	0xd3, 0xe4, 0x93, 0x02, 0x20, 0x3a, 0x01, 0x2a, 0x22, 0x1b, 0x2f, 0x76, 0x31, 0x2f, 0x63, 0x68,
	0x61, 0x74, 0x2f, 0x63, 0x6c, 0x65, 0x61, 0x72, 0x5f, 0x63, 0x68, 0x61, 0x74, 0x5f, 0x68, 0x69,
	0x73, 0x74, 0x6f, 0x72, 0x79, 0x12, 0x70, 0x0a, 0x0a, 0x4c, 0x69, 0x73, 0x74, 0x4d, 0x6f, 0x64,
	0x65, 0x6c, 0x73, 0x12, 0x1f, 0x2e, 0x76, 0x61, 0x5f, 0x69, 0x6e, 0x74, 0x65, 0x72, 0x66, 0x61,
	0x63, 0x65, 0x2e, 0x4c, 0x69, 0x73, 0x74, 0x4d, 0x6f, 0x64, 0x65, 0x6c, 0x73, 0x52, 0x65, 0x71,
	0x75, 0x65, 0x73, 0x74, 0x1a, 0x20, 0x2e, 0x76, 0x61, 0x5f, 0x69, 0x6e, 0x74, 0x65, 0x72, 0x66,
	0x61, 0x63, 0x65, 0x2e, 0x4c, 0x69, 0x73, 0x74, 0x4d, 0x6f, 0x64, 0x65, 0x6c, 0x73, 0x52, 0x65,
	0x73, 0x70, 0x6f, 0x6e, 0x73, 0x65, 0x22, 0x1f, 0x82, 0xd3, 0xe4, 0x93, 0x02, 0x19, 0x3a, 0x01,
	0x2a, 0x22, 0x14, 0x2f, 0x76, 0x31, 0x2f, 0x63, 0x68, 0x61, 0x74, 0x2f, 0x6c, 0x69, 0x73, 0x74,
	0x5f, 0x6d, 0x6f, 0x64, 0x65, 0x6c, 0x73, 0x12, 0x96, 0x01, 0x0a, 0x13, 0x4c, 0x69, 0x73, 0x74,
	0x55, 0x73, 0x65, 0x72, 0x50, 0x72, 0x6f, 0x66, 0x69, 0x6c, 0x65, 0x43, 0x68, 0x61, 0x74, 0x12,
	0x28, 0x2e, 0x76, 0x61, 0x5f, 0x69, 0x6e, 0x74, 0x65, 0x72, 0x66, 0x61, 0x63, 0x65, 0x2e, 0x4c,
	0x69, 0x73, 0x74, 0x55, 0x73, 0x65, 0x72, 0x50, 0x72, 0x6f, 0x66, 0x69, 0x6c, 0x65, 0x43, 0x68,
	0x61, 0x74, 0x52, 0x65, 0x71, 0x75, 0x65, 0x73, 0x74, 0x1a, 0x29, 0x2e, 0x76, 0x61, 0x5f, 0x69,
	0x6e, 0x74, 0x65, 0x72, 0x66, 0x61, 0x63, 0x65, 0x2e, 0x4c, 0x69, 0x73, 0x74, 0x55, 0x73, 0x65,
	0x72, 0x50, 0x72, 0x6f, 0x66, 0x69, 0x6c, 0x65, 0x43, 0x68, 0x61, 0x74, 0x52, 0x65, 0x73, 0x70,
	0x6f, 0x6e, 0x73, 0x65, 0x22, 0x2a, 0x82, 0xd3, 0xe4, 0x93, 0x02, 0x24, 0x3a, 0x01, 0x2a, 0x22,
	0x1f, 0x2f, 0x76, 0x31, 0x2f, 0x63, 0x68, 0x61, 0x74, 0x2f, 0x6c, 0x69, 0x73, 0x74, 0x5f, 0x75,
	0x73, 0x65, 0x72, 0x5f, 0x70, 0x72, 0x6f, 0x66, 0x69, 0x6c, 0x65, 0x5f, 0x63, 0x68, 0x61, 0x74,
	0x12, 0x8d, 0x01, 0x0a, 0x11, 0x53, 0x63, 0x72, 0x6f, 0x6c, 0x6c, 0x43, 0x68, 0x61, 0x74, 0x4d,
	0x65, 0x73, 0x73, 0x61, 0x67, 0x65, 0x12, 0x26, 0x2e, 0x76, 0x61, 0x5f, 0x69, 0x6e, 0x74, 0x65,
	0x72, 0x66, 0x61, 0x63, 0x65, 0x2e, 0x53, 0x63, 0x72, 0x6f, 0x6c, 0x6c, 0x43, 0x68, 0x61, 0x74,
	0x4d, 0x65, 0x73, 0x73, 0x61, 0x67, 0x65, 0x52, 0x65, 0x71, 0x75, 0x65, 0x73, 0x74, 0x1a, 0x27,
	0x2e, 0x76, 0x61, 0x5f, 0x69, 0x6e, 0x74, 0x65, 0x72, 0x66, 0x61, 0x63, 0x65, 0x2e, 0x53, 0x63,
	0x72, 0x6f, 0x6c, 0x6c, 0x43, 0x68, 0x61, 0x74, 0x4d, 0x65, 0x73, 0x73, 0x61, 0x67, 0x65, 0x52,
	0x65, 0x73, 0x70, 0x6f, 0x6e, 0x73, 0x65, 0x22, 0x27, 0x82, 0xd3, 0xe4, 0x93, 0x02, 0x21, 0x3a,
	0x01, 0x2a, 0x22, 0x1c, 0x2f, 0x76, 0x31, 0x2f, 0x63, 0x68, 0x61, 0x74, 0x2f, 0x73, 0x63, 0x72,
	0x6f, 0x6c, 0x6c, 0x5f, 0x63, 0x68, 0x61, 0x74, 0x5f, 0x6d, 0x65, 0x73, 0x73, 0x61, 0x67, 0x65,
	0x12, 0xb6, 0x01, 0x0a, 0x1b, 0x53, 0x75, 0x67, 0x67, 0x65, 0x73, 0x74, 0x51, 0x75, 0x65, 0x73,
	0x74, 0x69, 0x6f, 0x6e, 0x73, 0x57, 0x69, 0x74, 0x68, 0x50, 0x72, 0x6f, 0x66, 0x69, 0x6c, 0x65,
	0x12, 0x30, 0x2e, 0x76, 0x61, 0x5f, 0x69, 0x6e, 0x74, 0x65, 0x72, 0x66, 0x61, 0x63, 0x65, 0x2e,
	0x53, 0x75, 0x67, 0x67, 0x65, 0x73, 0x74, 0x51, 0x75, 0x65, 0x73, 0x74, 0x69, 0x6f, 0x6e, 0x73,
	0x57, 0x69, 0x74, 0x68, 0x50, 0x72, 0x6f, 0x66, 0x69, 0x6c, 0x65, 0x52, 0x65, 0x71, 0x75, 0x65,
	0x73, 0x74, 0x1a, 0x31, 0x2e, 0x76, 0x61, 0x5f, 0x69, 0x6e, 0x74, 0x65, 0x72, 0x66, 0x61, 0x63,
	0x65, 0x2e, 0x53, 0x75, 0x67, 0x67, 0x65, 0x73, 0x74, 0x51, 0x75, 0x65, 0x73, 0x74, 0x69, 0x6f,
	0x6e, 0x73, 0x57, 0x69, 0x74, 0x68, 0x50, 0x72, 0x6f, 0x66, 0x69, 0x6c, 0x65, 0x52, 0x65, 0x73,
	0x70, 0x6f, 0x6e, 0x73, 0x65, 0x22, 0x32, 0x82, 0xd3, 0xe4, 0x93, 0x02, 0x2c, 0x3a, 0x01, 0x2a,
	0x22, 0x27, 0x2f, 0x76, 0x31, 0x2f, 0x63, 0x68, 0x61, 0x74, 0x2f, 0x73, 0x75, 0x67, 0x67, 0x65,
	0x73, 0x74, 0x5f, 0x71, 0x75, 0x65, 0x73, 0x74, 0x69, 0x6f, 0x6e, 0x73, 0x5f, 0x77, 0x69, 0x74,
	0x68, 0x5f, 0x70, 0x72, 0x6f, 0x66, 0x69, 0x6c, 0x65, 0x12, 0xae, 0x01, 0x0a, 0x1b, 0x53, 0x74,
	0x61, 0x72, 0x6c, 0x69, 0x74, 0x51, 0x75, 0x65, 0x73, 0x74, 0x69, 0x6f, 0x6e, 0x73, 0x57, 0x69,
	0x74, 0x68, 0x50, 0x72, 0x6f, 0x66, 0x69, 0x6c, 0x65, 0x12, 0x30, 0x2e, 0x76, 0x61, 0x5f, 0x69,
	0x6e, 0x74, 0x65, 0x72, 0x66, 0x61, 0x63, 0x65, 0x2e, 0x53, 0x74, 0x61, 0x72, 0x6c, 0x69, 0x74,
	0x51, 0x75, 0x65, 0x73, 0x74, 0x69, 0x6f, 0x6e, 0x73, 0x57, 0x69, 0x74, 0x68, 0x50, 0x72, 0x6f,
	0x66, 0x69, 0x6c, 0x65, 0x52, 0x65, 0x71, 0x75, 0x65, 0x73, 0x74, 0x1a, 0x27, 0x2e, 0x76, 0x61,
	0x5f, 0x69, 0x6e, 0x74, 0x65, 0x72, 0x66, 0x61, 0x63, 0x65, 0x2e, 0x43, 0x68, 0x61, 0x74, 0x4d,
	0x65, 0x73, 0x73, 0x61, 0x67, 0x65, 0x53, 0x74, 0x72, 0x65, 0x61, 0x6d, 0x52, 0x65, 0x73, 0x70,
	0x6f, 0x6e, 0x73, 0x65, 0x22, 0x32, 0x82, 0xd3, 0xe4, 0x93, 0x02, 0x2c, 0x3a, 0x01, 0x2a, 0x22,
	0x27, 0x2f, 0x76, 0x31, 0x2f, 0x63, 0x68, 0x61, 0x74, 0x2f, 0x73, 0x74, 0x61, 0x72, 0x6c, 0x69,
	0x74, 0x5f, 0x71, 0x75, 0x65, 0x73, 0x74, 0x69, 0x6f, 0x6e, 0x73, 0x5f, 0x77, 0x69, 0x74, 0x68,
	0x5f, 0x70, 0x72, 0x6f, 0x66, 0x69, 0x6c, 0x65, 0x30, 0x01, 0x32, 0xf2, 0x02, 0x0a, 0x0c, 0x4d,
	0x65, 0x64, 0x69, 0x61, 0x53, 0x65, 0x72, 0x76, 0x69, 0x63, 0x65, 0x12, 0x6b, 0x0a, 0x0b, 0x55,
	0x70, 0x6c, 0x6f, 0x61, 0x64, 0x49, 0x6d, 0x61, 0x67, 0x65, 0x12, 0x1b, 0x2e, 0x76, 0x61, 0x5f,
	0x69, 0x6e, 0x74, 0x65, 0x72, 0x66, 0x61, 0x63, 0x65, 0x2e, 0x55, 0x70, 0x6c, 0x6f, 0x61, 0x64,
	0x52, 0x65, 0x71, 0x75, 0x65, 0x73, 0x74, 0x1a, 0x1c, 0x2e, 0x76, 0x61, 0x5f, 0x69, 0x6e, 0x74,
	0x65, 0x72, 0x66, 0x61, 0x63, 0x65, 0x2e, 0x55, 0x70, 0x6c, 0x6f, 0x61, 0x64, 0x52, 0x65, 0x73,
	0x70, 0x6f, 0x6e, 0x73, 0x65, 0x22, 0x21, 0x82, 0xd3, 0xe4, 0x93, 0x02, 0x1b, 0x3a, 0x01, 0x2a,
	0x22, 0x16, 0x2f, 0x76, 0x31, 0x2f, 0x6d, 0x65, 0x64, 0x69, 0x61, 0x2f, 0x75, 0x70, 0x6c, 0x6f,
	0x61, 0x64, 0x5f, 0x69, 0x6d, 0x61, 0x67, 0x65, 0x12, 0x70, 0x0a, 0x0d, 0x53, 0x79, 0x73, 0x55,
	0x70, 0x6c, 0x6f, 0x61, 0x64, 0x46, 0x69, 0x6c, 0x65, 0x12, 0x1b, 0x2e, 0x76, 0x61, 0x5f, 0x69,
	0x6e, 0x74, 0x65, 0x72, 0x66, 0x61, 0x63, 0x65, 0x2e, 0x55, 0x70, 0x6c, 0x6f, 0x61, 0x64, 0x52,
	0x65, 0x71, 0x75, 0x65, 0x73, 0x74, 0x1a, 0x1c, 0x2e, 0x76, 0x61, 0x5f, 0x69, 0x6e, 0x74, 0x65,
	0x72, 0x66, 0x61, 0x63, 0x65, 0x2e, 0x55, 0x70, 0x6c, 0x6f, 0x61, 0x64, 0x52, 0x65, 0x73, 0x70,
	0x6f, 0x6e, 0x73, 0x65, 0x22, 0x24, 0x82, 0xd3, 0xe4, 0x93, 0x02, 0x1e, 0x3a, 0x01, 0x2a, 0x22,
	0x19, 0x2f, 0x76, 0x31, 0x2f, 0x6d, 0x65, 0x64, 0x69, 0x61, 0x2f, 0x73, 0x79, 0x73, 0x5f, 0x75,
	0x70, 0x6c, 0x6f, 0x61, 0x64, 0x5f, 0x66, 0x69, 0x6c, 0x65, 0x12, 0x82, 0x01, 0x0a, 0x0e, 0x55,
	0x70, 0x6c, 0x6f, 0x61, 0x64, 0x57, 0x69, 0x74, 0x68, 0x4f, 0x70, 0x74, 0x73, 0x12, 0x23, 0x2e,
	0x76, 0x61, 0x5f, 0x69, 0x6e, 0x74, 0x65, 0x72, 0x66, 0x61, 0x63, 0x65, 0x2e, 0x55, 0x70, 0x6c,
	0x6f, 0x61, 0x64, 0x57, 0x69, 0x74, 0x68, 0x4f, 0x70, 0x74, 0x73, 0x52, 0x65, 0x71, 0x75, 0x65,
	0x73, 0x74, 0x1a, 0x24, 0x2e, 0x76, 0x61, 0x5f, 0x69, 0x6e, 0x74, 0x65, 0x72, 0x66, 0x61, 0x63,
	0x65, 0x2e, 0x55, 0x70, 0x6c, 0x6f, 0x61, 0x64, 0x57, 0x69, 0x74, 0x68, 0x4f, 0x70, 0x74, 0x73,
	0x52, 0x65, 0x73, 0x70, 0x6f, 0x6e, 0x73, 0x65, 0x22, 0x25, 0x82, 0xd3, 0xe4, 0x93, 0x02, 0x1f,
	0x3a, 0x01, 0x2a, 0x22, 0x1a, 0x2f, 0x76, 0x31, 0x2f, 0x6d, 0x65, 0x64, 0x69, 0x61, 0x2f, 0x75,
	0x70, 0x6c, 0x6f, 0x61, 0x64, 0x5f, 0x77, 0x69, 0x74, 0x68, 0x5f, 0x6f, 0x70, 0x74, 0x73, 0x32,
	0xa0, 0x07, 0x0a, 0x0d, 0x50, 0x72, 0x6f, 0x6d, 0x70, 0x74, 0x53, 0x65, 0x72, 0x76, 0x69, 0x63,
	0x65, 0x12, 0x74, 0x0a, 0x0a, 0x4c, 0x69, 0x73, 0x74, 0x50, 0x72, 0x6f, 0x6d, 0x70, 0x74, 0x12,
	0x20, 0x2e, 0x76, 0x61, 0x5f, 0x69, 0x6e, 0x74, 0x65, 0x72, 0x66, 0x61, 0x63, 0x65, 0x2e, 0x4c,
	0x69, 0x73, 0x74, 0x50, 0x72, 0x6f, 0x6d, 0x70, 0x74, 0x73, 0x52, 0x65, 0x71, 0x75, 0x65, 0x73,
	0x74, 0x1a, 0x21, 0x2e, 0x76, 0x61, 0x5f, 0x69, 0x6e, 0x74, 0x65, 0x72, 0x66, 0x61, 0x63, 0x65,
	0x2e, 0x4c, 0x69, 0x73, 0x74, 0x50, 0x72, 0x6f, 0x6d, 0x70, 0x74, 0x73, 0x52, 0x65, 0x73, 0x70,
	0x6f, 0x6e, 0x73, 0x65, 0x22, 0x21, 0x82, 0xd3, 0xe4, 0x93, 0x02, 0x1b, 0x3a, 0x01, 0x2a, 0x22,
	0x16, 0x2f, 0x76, 0x31, 0x2f, 0x70, 0x72, 0x6f, 0x6d, 0x70, 0x74, 0x2f, 0x6c, 0x69, 0x73, 0x74,
	0x5f, 0x70, 0x72, 0x6f, 0x6d, 0x70, 0x74, 0x12, 0x8b, 0x01, 0x0a, 0x10, 0x4c, 0x69, 0x73, 0x74,
	0x43, 0x61, 0x6d, 0x65, 0x72, 0x61, 0x50, 0x72, 0x6f, 0x6d, 0x70, 0x74, 0x12, 0x25, 0x2e, 0x76,
	0x61, 0x5f, 0x69, 0x6e, 0x74, 0x65, 0x72, 0x66, 0x61, 0x63, 0x65, 0x2e, 0x4c, 0x69, 0x73, 0x74,
	0x43, 0x61, 0x6d, 0x65, 0x72, 0x61, 0x50, 0x72, 0x6f, 0x6d, 0x70, 0x74, 0x52, 0x65, 0x71, 0x75,
	0x65, 0x73, 0x74, 0x1a, 0x26, 0x2e, 0x76, 0x61, 0x5f, 0x69, 0x6e, 0x74, 0x65, 0x72, 0x66, 0x61,
	0x63, 0x65, 0x2e, 0x4c, 0x69, 0x73, 0x74, 0x43, 0x61, 0x6d, 0x65, 0x72, 0x61, 0x50, 0x72, 0x6f,
	0x6d, 0x70, 0x74, 0x52, 0x65, 0x73, 0x70, 0x6f, 0x6e, 0x73, 0x65, 0x22, 0x28, 0x82, 0xd3, 0xe4,
	0x93, 0x02, 0x22, 0x3a, 0x01, 0x2a, 0x22, 0x1d, 0x2f, 0x76, 0x31, 0x2f, 0x70, 0x72, 0x6f, 0x6d,
	0x70, 0x74, 0x2f, 0x6c, 0x69, 0x73, 0x74, 0x5f, 0x63, 0x61, 0x6d, 0x65, 0x72, 0x61, 0x5f, 0x70,
	0x72, 0x6f, 0x6d, 0x70, 0x74, 0x12, 0x7e, 0x0a, 0x0d, 0x50, 0x72, 0x6f, 0x6d, 0x70, 0x74, 0x45,
	0x6e, 0x68, 0x61, 0x6e, 0x63, 0x65, 0x12, 0x22, 0x2e, 0x76, 0x61, 0x5f, 0x69, 0x6e, 0x74, 0x65,
	0x72, 0x66, 0x61, 0x63, 0x65, 0x2e, 0x50, 0x72, 0x6f, 0x6d, 0x70, 0x74, 0x45, 0x6e, 0x68, 0x61,
	0x6e, 0x63, 0x65, 0x52, 0x65, 0x71, 0x75, 0x65, 0x73, 0x74, 0x1a, 0x23, 0x2e, 0x76, 0x61, 0x5f,
	0x69, 0x6e, 0x74, 0x65, 0x72, 0x66, 0x61, 0x63, 0x65, 0x2e, 0x50, 0x72, 0x6f, 0x6d, 0x70, 0x74,
	0x45, 0x6e, 0x68, 0x61, 0x6e, 0x63, 0x65, 0x52, 0x65, 0x73, 0x70, 0x6f, 0x6e, 0x73, 0x65, 0x22,
	0x24, 0x82, 0xd3, 0xe4, 0x93, 0x02, 0x1e, 0x3a, 0x01, 0x2a, 0x22, 0x19, 0x2f, 0x76, 0x31, 0x2f,
	0x70, 0x72, 0x6f, 0x6d, 0x70, 0x74, 0x2f, 0x70, 0x72, 0x6f, 0x6d, 0x70, 0x74, 0x5f, 0x65, 0x6e,
	0x68, 0x61, 0x6e, 0x63, 0x65, 0x12, 0x9f, 0x01, 0x0a, 0x15, 0x47, 0x65, 0x74, 0x49, 0x6e, 0x73,
	0x70, 0x69, 0x72, 0x61, 0x74, 0x69, 0x6f, 0x6e, 0x50, 0x72, 0x6f, 0x6d, 0x70, 0x74, 0x73, 0x12,
	0x2a, 0x2e, 0x76, 0x61, 0x5f, 0x69, 0x6e, 0x74, 0x65, 0x72, 0x66, 0x61, 0x63, 0x65, 0x2e, 0x47,
	0x65, 0x74, 0x49, 0x6e, 0x73, 0x70, 0x69, 0x72, 0x61, 0x74, 0x69, 0x6f, 0x6e, 0x50, 0x72, 0x6f,
	0x6d, 0x70, 0x74, 0x73, 0x52, 0x65, 0x71, 0x75, 0x65, 0x73, 0x74, 0x1a, 0x2b, 0x2e, 0x76, 0x61,
	0x5f, 0x69, 0x6e, 0x74, 0x65, 0x72, 0x66, 0x61, 0x63, 0x65, 0x2e, 0x47, 0x65, 0x74, 0x49, 0x6e,
	0x73, 0x70, 0x69, 0x72, 0x61, 0x74, 0x69, 0x6f, 0x6e, 0x50, 0x72, 0x6f, 0x6d, 0x70, 0x74, 0x73,
	0x52, 0x65, 0x73, 0x70, 0x6f, 0x6e, 0x73, 0x65, 0x22, 0x2d, 0x82, 0xd3, 0xe4, 0x93, 0x02, 0x27,
	0x3a, 0x01, 0x2a, 0x22, 0x22, 0x2f, 0x76, 0x31, 0x2f, 0x70, 0x72, 0x6f, 0x6d, 0x70, 0x74, 0x2f,
	0x67, 0x65, 0x74, 0x5f, 0x69, 0x6e, 0x73, 0x70, 0x69, 0x72, 0x61, 0x74, 0x69, 0x6f, 0x6e, 0x5f,
	0x70, 0x72, 0x6f, 0x6d, 0x70, 0x74, 0x73, 0x12, 0xb5, 0x01, 0x0a, 0x1a, 0x47, 0x65, 0x74, 0x55,
	0x73, 0x65, 0x72, 0x43, 0x75, 0x73, 0x74, 0x6f, 0x6d, 0x50, 0x72, 0x6f, 0x6d, 0x70, 0x74, 0x48,
	0x69, 0x73, 0x74, 0x6f, 0x72, 0x79, 0x12, 0x2f, 0x2e, 0x76, 0x61, 0x5f, 0x69, 0x6e, 0x74, 0x65,
	0x72, 0x66, 0x61, 0x63, 0x65, 0x2e, 0x47, 0x65, 0x74, 0x55, 0x73, 0x65, 0x72, 0x43, 0x75, 0x73,
	0x74, 0x6f, 0x6d, 0x50, 0x72, 0x6f, 0x6d, 0x70, 0x74, 0x48, 0x69, 0x73, 0x74, 0x6f, 0x72, 0x79,
	0x52, 0x65, 0x71, 0x75, 0x65, 0x73, 0x74, 0x1a, 0x30, 0x2e, 0x76, 0x61, 0x5f, 0x69, 0x6e, 0x74,
	0x65, 0x72, 0x66, 0x61, 0x63, 0x65, 0x2e, 0x47, 0x65, 0x74, 0x55, 0x73, 0x65, 0x72, 0x43, 0x75,
	0x73, 0x74, 0x6f, 0x6d, 0x50, 0x72, 0x6f, 0x6d, 0x70, 0x74, 0x48, 0x69, 0x73, 0x74, 0x6f, 0x72,
	0x79, 0x52, 0x65, 0x73, 0x70, 0x6f, 0x6e, 0x73, 0x65, 0x22, 0x34, 0x82, 0xd3, 0xe4, 0x93, 0x02,
	0x2e, 0x3a, 0x01, 0x2a, 0x22, 0x29, 0x2f, 0x76, 0x31, 0x2f, 0x70, 0x72, 0x6f, 0x6d, 0x70, 0x74,
	0x2f, 0x67, 0x65, 0x74, 0x5f, 0x75, 0x73, 0x65, 0x72, 0x5f, 0x63, 0x75, 0x73, 0x74, 0x6f, 0x6d,
	0x5f, 0x70, 0x72, 0x6f, 0x6d, 0x70, 0x74, 0x5f, 0x68, 0x69, 0x73, 0x74, 0x6f, 0x72, 0x79, 0x12,
	0xb0, 0x01, 0x0a, 0x19, 0x44, 0x65, 0x6c, 0x65, 0x74, 0x65, 0x43, 0x75, 0x73, 0x74, 0x6f, 0x6d,
	0x50, 0x72, 0x6f, 0x6d, 0x70, 0x74, 0x48, 0x69, 0x73, 0x74, 0x6f, 0x72, 0x79, 0x12, 0x2e, 0x2e,
	0x76, 0x61, 0x5f, 0x69, 0x6e, 0x74, 0x65, 0x72, 0x66, 0x61, 0x63, 0x65, 0x2e, 0x44, 0x65, 0x6c,
	0x65, 0x74, 0x65, 0x43, 0x75, 0x73, 0x74, 0x6f, 0x6d, 0x50, 0x72, 0x6f, 0x6d, 0x70, 0x74, 0x48,
	0x69, 0x73, 0x74, 0x6f, 0x72, 0x79, 0x52, 0x65, 0x71, 0x75, 0x65, 0x73, 0x74, 0x1a, 0x2f, 0x2e,
	0x76, 0x61, 0x5f, 0x69, 0x6e, 0x74, 0x65, 0x72, 0x66, 0x61, 0x63, 0x65, 0x2e, 0x44, 0x65, 0x6c,
	0x65, 0x74, 0x65, 0x43, 0x75, 0x73, 0x74, 0x6f, 0x6d, 0x50, 0x72, 0x6f, 0x6d, 0x70, 0x74, 0x48,
	0x69, 0x73, 0x74, 0x6f, 0x72, 0x79, 0x52, 0x65, 0x73, 0x70, 0x6f, 0x6e, 0x73, 0x65, 0x22, 0x32,
	0x82, 0xd3, 0xe4, 0x93, 0x02, 0x2c, 0x3a, 0x01, 0x2a, 0x22, 0x27, 0x2f, 0x76, 0x31, 0x2f, 0x70,
	0x72, 0x6f, 0x6d, 0x70, 0x74, 0x2f, 0x64, 0x65, 0x6c, 0x65, 0x74, 0x65, 0x5f, 0x63, 0x75, 0x73,
	0x74, 0x6f, 0x6d, 0x5f, 0x70, 0x72, 0x6f, 0x6d, 0x70, 0x74, 0x5f, 0x68, 0x69, 0x73, 0x74, 0x6f,
	0x72, 0x79, 0x32, 0xef, 0x01, 0x0a, 0x0a, 0x54, 0x54, 0x53, 0x53, 0x65, 0x72, 0x76, 0x69, 0x63,
	0x65, 0x12, 0x6c, 0x0a, 0x0b, 0x47, 0x65, 0x74, 0x4d, 0x73, 0x67, 0x41, 0x75, 0x64, 0x69, 0x6f,
	0x12, 0x18, 0x2e, 0x76, 0x61, 0x5f, 0x69, 0x6e, 0x74, 0x65, 0x72, 0x66, 0x61, 0x63, 0x65, 0x2e,
	0x54, 0x54, 0x53, 0x52, 0x65, 0x71, 0x75, 0x65, 0x73, 0x74, 0x1a, 0x1f, 0x2e, 0x76, 0x61, 0x5f,
	0x69, 0x6e, 0x74, 0x65, 0x72, 0x66, 0x61, 0x63, 0x65, 0x2e, 0x54, 0x54, 0x53, 0x53, 0x74, 0x72,
	0x65, 0x61, 0x6d, 0x52, 0x65, 0x73, 0x70, 0x6f, 0x6e, 0x73, 0x65, 0x22, 0x20, 0x82, 0xd3, 0xe4,
	0x93, 0x02, 0x1a, 0x3a, 0x01, 0x2a, 0x22, 0x15, 0x2f, 0x76, 0x31, 0x2f, 0x74, 0x74, 0x73, 0x2f,
	0x67, 0x65, 0x74, 0x5f, 0x6d, 0x73, 0x67, 0x5f, 0x61, 0x75, 0x64, 0x69, 0x6f, 0x30, 0x01, 0x12,
	0x73, 0x0a, 0x0b, 0x4c, 0x69, 0x73, 0x74, 0x53, 0x70, 0x65, 0x61, 0x6b, 0x65, 0x72, 0x12, 0x20,
	0x2e, 0x76, 0x61, 0x5f, 0x69, 0x6e, 0x74, 0x65, 0x72, 0x66, 0x61, 0x63, 0x65, 0x2e, 0x4c, 0x69,
	0x73, 0x74, 0x53, 0x70, 0x65, 0x61, 0x6b, 0x65, 0x72, 0x52, 0x65, 0x71, 0x75, 0x65, 0x73, 0x74,
	0x1a, 0x21, 0x2e, 0x76, 0x61, 0x5f, 0x69, 0x6e, 0x74, 0x65, 0x72, 0x66, 0x61, 0x63, 0x65, 0x2e,
	0x4c, 0x69, 0x73, 0x74, 0x53, 0x70, 0x65, 0x61, 0x6b, 0x65, 0x72, 0x52, 0x65, 0x73, 0x70, 0x6f,
	0x6e, 0x73, 0x65, 0x22, 0x1f, 0x82, 0xd3, 0xe4, 0x93, 0x02, 0x19, 0x3a, 0x01, 0x2a, 0x22, 0x14,
	0x2f, 0x76, 0x31, 0x2f, 0x74, 0x74, 0x73, 0x2f, 0x6c, 0x69, 0x73, 0x74, 0x5f, 0x73, 0x70, 0x65,
	0x61, 0x6b, 0x65, 0x72, 0x32, 0xa6, 0x04, 0x0a, 0x0d, 0x52, 0x65, 0x70, 0x6f, 0x72, 0x74, 0x53,
	0x65, 0x72, 0x76, 0x69, 0x63, 0x65, 0x12, 0x98, 0x01, 0x0a, 0x13, 0x52, 0x65, 0x70, 0x6f, 0x72,
	0x74, 0x4c, 0x4c, 0x4d, 0x4d, 0x73, 0x67, 0x51, 0x75, 0x61, 0x6c, 0x69, 0x74, 0x79, 0x12, 0x28,
	0x2e, 0x76, 0x61, 0x5f, 0x69, 0x6e, 0x74, 0x65, 0x72, 0x66, 0x61, 0x63, 0x65, 0x2e, 0x52, 0x65,
	0x70, 0x6f, 0x72, 0x74, 0x4c, 0x4c, 0x4d, 0x4d, 0x73, 0x67, 0x51, 0x75, 0x61, 0x6c, 0x69, 0x74,
	0x79, 0x52, 0x65, 0x71, 0x75, 0x65, 0x73, 0x74, 0x1a, 0x29, 0x2e, 0x76, 0x61, 0x5f, 0x69, 0x6e,
	0x74, 0x65, 0x72, 0x66, 0x61, 0x63, 0x65, 0x2e, 0x52, 0x65, 0x70, 0x6f, 0x72, 0x74, 0x4c, 0x4c,
	0x4d, 0x4d, 0x73, 0x67, 0x51, 0x75, 0x61, 0x6c, 0x69, 0x74, 0x79, 0x52, 0x65, 0x73, 0x70, 0x6f,
	0x6e, 0x73, 0x65, 0x22, 0x2c, 0x82, 0xd3, 0xe4, 0x93, 0x02, 0x26, 0x3a, 0x01, 0x2a, 0x22, 0x21,
	0x2f, 0x76, 0x31, 0x2f, 0x72, 0x65, 0x70, 0x6f, 0x72, 0x74, 0x2f, 0x72, 0x65, 0x70, 0x6f, 0x72,
	0x74, 0x5f, 0x6c, 0x6c, 0x6d, 0x5f, 0x6d, 0x73, 0x67, 0x5f, 0x71, 0x75, 0x61, 0x6c, 0x69, 0x74,
	0x79, 0x12, 0x87, 0x01, 0x0a, 0x0f, 0x52, 0x65, 0x70, 0x6f, 0x72, 0x74, 0x55, 0x73, 0x65, 0x72,
	0x45, 0x76, 0x65, 0x6e, 0x74, 0x12, 0x24, 0x2e, 0x76, 0x61, 0x5f, 0x69, 0x6e, 0x74, 0x65, 0x72,
	0x66, 0x61, 0x63, 0x65, 0x2e, 0x52, 0x65, 0x70, 0x6f, 0x72, 0x74, 0x55, 0x73, 0x65, 0x72, 0x45,
	0x76, 0x65, 0x6e, 0x74, 0x52, 0x65, 0x71, 0x75, 0x65, 0x73, 0x74, 0x1a, 0x25, 0x2e, 0x76, 0x61,
	0x5f, 0x69, 0x6e, 0x74, 0x65, 0x72, 0x66, 0x61, 0x63, 0x65, 0x2e, 0x52, 0x65, 0x70, 0x6f, 0x72,
	0x74, 0x55, 0x73, 0x65, 0x72, 0x45, 0x76, 0x65, 0x6e, 0x74, 0x52, 0x65, 0x73, 0x70, 0x6f, 0x6e,
	0x73, 0x65, 0x22, 0x27, 0x82, 0xd3, 0xe4, 0x93, 0x02, 0x21, 0x3a, 0x01, 0x2a, 0x22, 0x1c, 0x2f,
	0x76, 0x31, 0x2f, 0x72, 0x65, 0x70, 0x6f, 0x72, 0x74, 0x2f, 0x72, 0x65, 0x70, 0x6f, 0x72, 0x74,
	0x5f, 0x75, 0x73, 0x65, 0x72, 0x5f, 0x65, 0x76, 0x65, 0x6e, 0x74, 0x12, 0x74, 0x0a, 0x0a, 0x45,
	0x76, 0x65, 0x6e, 0x74, 0x57, 0x61, 0x74, 0x63, 0x68, 0x12, 0x1f, 0x2e, 0x76, 0x61, 0x5f, 0x69,
	0x6e, 0x74, 0x65, 0x72, 0x66, 0x61, 0x63, 0x65, 0x2e, 0x45, 0x76, 0x65, 0x6e, 0x74, 0x57, 0x61,
	0x74, 0x63, 0x68, 0x52, 0x65, 0x71, 0x75, 0x65, 0x73, 0x74, 0x1a, 0x20, 0x2e, 0x76, 0x61, 0x5f,
	0x69, 0x6e, 0x74, 0x65, 0x72, 0x66, 0x61, 0x63, 0x65, 0x2e, 0x45, 0x76, 0x65, 0x6e, 0x74, 0x57,
	0x61, 0x74, 0x63, 0x68, 0x52, 0x65, 0x73, 0x70, 0x6f, 0x6e, 0x73, 0x65, 0x22, 0x21, 0x82, 0xd3,
	0xe4, 0x93, 0x02, 0x1b, 0x3a, 0x01, 0x2a, 0x22, 0x16, 0x2f, 0x76, 0x31, 0x2f, 0x72, 0x65, 0x70,
	0x6f, 0x72, 0x74, 0x2f, 0x65, 0x76, 0x65, 0x6e, 0x74, 0x5f, 0x77, 0x61, 0x74, 0x63, 0x68, 0x30,
	0x01, 0x12, 0x7a, 0x0a, 0x0c, 0x55, 0x73, 0x65, 0x72, 0x46, 0x65, 0x65, 0x64, 0x62, 0x61, 0x63,
	0x6b, 0x12, 0x21, 0x2e, 0x76, 0x61, 0x5f, 0x69, 0x6e, 0x74, 0x65, 0x72, 0x66, 0x61, 0x63, 0x65,
	0x2e, 0x55, 0x73, 0x65, 0x72, 0x46, 0x65, 0x65, 0x64, 0x62, 0x61, 0x63, 0x6b, 0x52, 0x65, 0x71,
	0x75, 0x65, 0x73, 0x74, 0x1a, 0x22, 0x2e, 0x76, 0x61, 0x5f, 0x69, 0x6e, 0x74, 0x65, 0x72, 0x66,
	0x61, 0x63, 0x65, 0x2e, 0x55, 0x73, 0x65, 0x72, 0x46, 0x65, 0x65, 0x64, 0x62, 0x61, 0x63, 0x6b,
	0x52, 0x65, 0x73, 0x70, 0x6f, 0x6e, 0x73, 0x65, 0x22, 0x23, 0x82, 0xd3, 0xe4, 0x93, 0x02, 0x1d,
	0x3a, 0x01, 0x2a, 0x22, 0x18, 0x2f, 0x76, 0x31, 0x2f, 0x72, 0x65, 0x70, 0x6f, 0x72, 0x74, 0x2f,
	0x75, 0x73, 0x65, 0x72, 0x5f, 0x66, 0x65, 0x65, 0x64, 0x62, 0x61, 0x63, 0x6b, 0x32, 0xbc, 0x0b,
	0x0a, 0x10, 0x53, 0x75, 0x62, 0x73, 0x63, 0x72, 0x69, 0x62, 0x65, 0x53, 0x65, 0x72, 0x76, 0x69,
	0x63, 0x65, 0x12, 0x79, 0x0a, 0x0b, 0x43, 0x72, 0x65, 0x61, 0x74, 0x65, 0x4f, 0x72, 0x64, 0x65,
	0x72, 0x12, 0x20, 0x2e, 0x76, 0x61, 0x5f, 0x69, 0x6e, 0x74, 0x65, 0x72, 0x66, 0x61, 0x63, 0x65,
	0x2e, 0x43, 0x72, 0x65, 0x61, 0x74, 0x65, 0x4f, 0x72, 0x64, 0x65, 0x72, 0x52, 0x65, 0x71, 0x75,
	0x65, 0x73, 0x74, 0x1a, 0x21, 0x2e, 0x76, 0x61, 0x5f, 0x69, 0x6e, 0x74, 0x65, 0x72, 0x66, 0x61,
	0x63, 0x65, 0x2e, 0x43, 0x72, 0x65, 0x61, 0x74, 0x65, 0x4f, 0x72, 0x64, 0x65, 0x72, 0x52, 0x65,
	0x73, 0x70, 0x6f, 0x6e, 0x73, 0x65, 0x22, 0x25, 0x82, 0xd3, 0xe4, 0x93, 0x02, 0x1f, 0x3a, 0x01,
	0x2a, 0x22, 0x1a, 0x2f, 0x76, 0x31, 0x2f, 0x73, 0x75, 0x62, 0x73, 0x63, 0x72, 0x69, 0x62, 0x65,
	0x2f, 0x63, 0x72, 0x65, 0x61, 0x74, 0x65, 0x5f, 0x6f, 0x72, 0x64, 0x65, 0x72, 0x12, 0x91, 0x01,
	0x0a, 0x12, 0x47, 0x65, 0x74, 0x50, 0x72, 0x6f, 0x64, 0x75, 0x63, 0x74, 0x49, 0x6e, 0x66, 0x6f,
	0x4c, 0x69, 0x73, 0x74, 0x12, 0x24, 0x2e, 0x76, 0x61, 0x5f, 0x69, 0x6e, 0x74, 0x65, 0x72, 0x66,
	0x61, 0x63, 0x65, 0x2e, 0x50, 0x72, 0x6f, 0x64, 0x75, 0x63, 0x74, 0x49, 0x6e, 0x66, 0x6f, 0x4c,
	0x69, 0x73, 0x74, 0x52, 0x65, 0x71, 0x75, 0x65, 0x73, 0x74, 0x1a, 0x25, 0x2e, 0x76, 0x61, 0x5f,
	0x69, 0x6e, 0x74, 0x65, 0x72, 0x66, 0x61, 0x63, 0x65, 0x2e, 0x50, 0x72, 0x6f, 0x64, 0x75, 0x63,
	0x74, 0x49, 0x6e, 0x66, 0x6f, 0x4c, 0x69, 0x73, 0x74, 0x52, 0x65, 0x73, 0x70, 0x6f, 0x6e, 0x73,
	0x65, 0x22, 0x2e, 0x82, 0xd3, 0xe4, 0x93, 0x02, 0x28, 0x3a, 0x01, 0x2a, 0x22, 0x23, 0x2f, 0x76,
	0x31, 0x2f, 0x73, 0x75, 0x62, 0x73, 0x63, 0x72, 0x69, 0x62, 0x65, 0x2f, 0x67, 0x65, 0x74, 0x5f,
	0x70, 0x72, 0x6f, 0x64, 0x75, 0x63, 0x74, 0x5f, 0x69, 0x6e, 0x66, 0x6f, 0x5f, 0x6c, 0x69, 0x73,
	0x74, 0x12, 0x82, 0x01, 0x0a, 0x0d, 0x47, 0x65, 0x74, 0x55, 0x73, 0x65, 0x72, 0x41, 0x6d, 0x6f,
	0x75, 0x6e, 0x74, 0x12, 0x22, 0x2e, 0x76, 0x61, 0x5f, 0x69, 0x6e, 0x74, 0x65, 0x72, 0x66, 0x61,
	0x63, 0x65, 0x2e, 0x47, 0x65, 0x74, 0x55, 0x73, 0x65, 0x72, 0x41, 0x6d, 0x6f, 0x75, 0x6e, 0x74,
	0x52, 0x65, 0x71, 0x75, 0x65, 0x73, 0x74, 0x1a, 0x23, 0x2e, 0x76, 0x61, 0x5f, 0x69, 0x6e, 0x74,
	0x65, 0x72, 0x66, 0x61, 0x63, 0x65, 0x2e, 0x47, 0x65, 0x74, 0x55, 0x73, 0x65, 0x72, 0x41, 0x6d,
	0x6f, 0x75, 0x6e, 0x74, 0x52, 0x65, 0x73, 0x70, 0x6f, 0x6e, 0x73, 0x65, 0x22, 0x28, 0x82, 0xd3,
	0xe4, 0x93, 0x02, 0x22, 0x3a, 0x01, 0x2a, 0x22, 0x1d, 0x2f, 0x76, 0x31, 0x2f, 0x73, 0x75, 0x62,
	0x73, 0x63, 0x72, 0x69, 0x62, 0x65, 0x2f, 0x67, 0x65, 0x74, 0x5f, 0x75, 0x73, 0x65, 0x72, 0x5f,
	0x61, 0x6d, 0x6f, 0x75, 0x6e, 0x74, 0x12, 0x97, 0x01, 0x0a, 0x12, 0x47, 0x65, 0x74, 0x47, 0x65,
	0x6e, 0x69, 0x6f, 0x55, 0x73, 0x65, 0x72, 0x41, 0x6d, 0x6f, 0x75, 0x6e, 0x74, 0x12, 0x27, 0x2e,
	0x76, 0x61, 0x5f, 0x69, 0x6e, 0x74, 0x65, 0x72, 0x66, 0x61, 0x63, 0x65, 0x2e, 0x47, 0x65, 0x74,
	0x47, 0x65, 0x6e, 0x69, 0x6f, 0x55, 0x73, 0x65, 0x72, 0x41, 0x6d, 0x6f, 0x75, 0x6e, 0x74, 0x52,
	0x65, 0x71, 0x75, 0x65, 0x73, 0x74, 0x1a, 0x28, 0x2e, 0x76, 0x61, 0x5f, 0x69, 0x6e, 0x74, 0x65,
	0x72, 0x66, 0x61, 0x63, 0x65, 0x2e, 0x47, 0x65, 0x74, 0x47, 0x65, 0x6e, 0x69, 0x6f, 0x55, 0x73,
	0x65, 0x72, 0x41, 0x6d, 0x6f, 0x75, 0x6e, 0x74, 0x52, 0x65, 0x73, 0x70, 0x6f, 0x6e, 0x73, 0x65,
	0x22, 0x2e, 0x82, 0xd3, 0xe4, 0x93, 0x02, 0x28, 0x3a, 0x01, 0x2a, 0x22, 0x23, 0x2f, 0x76, 0x31,
	0x2f, 0x73, 0x75, 0x62, 0x73, 0x63, 0x72, 0x69, 0x62, 0x65, 0x2f, 0x67, 0x65, 0x74, 0x5f, 0x67,
	0x65, 0x6e, 0x69, 0x6f, 0x5f, 0x75, 0x73, 0x65, 0x72, 0x5f, 0x61, 0x6d, 0x6f, 0x75, 0x6e, 0x74,
	0x12, 0xa2, 0x01, 0x0a, 0x15, 0x50, 0x61, 0x79, 0x6d, 0x65, 0x6e, 0x74, 0x52, 0x65, 0x73, 0x75,
	0x6c, 0x74, 0x43, 0x61, 0x6c, 0x6c, 0x62, 0x61, 0x63, 0x6b, 0x12, 0x2a, 0x2e, 0x76, 0x61, 0x5f,
	0x69, 0x6e, 0x74, 0x65, 0x72, 0x66, 0x61, 0x63, 0x65, 0x2e, 0x50, 0x61, 0x79, 0x6d, 0x65, 0x6e,
	0x74, 0x52, 0x65, 0x73, 0x75, 0x6c, 0x74, 0x43, 0x61, 0x6c, 0x6c, 0x62, 0x61, 0x63, 0x6b, 0x52,
	0x65, 0x71, 0x75, 0x65, 0x73, 0x74, 0x1a, 0x2b, 0x2e, 0x76, 0x61, 0x5f, 0x69, 0x6e, 0x74, 0x65,
	0x72, 0x66, 0x61, 0x63, 0x65, 0x2e, 0x50, 0x61, 0x79, 0x6d, 0x65, 0x6e, 0x74, 0x52, 0x65, 0x73,
	0x75, 0x6c, 0x74, 0x43, 0x61, 0x6c, 0x6c, 0x62, 0x61, 0x63, 0x6b, 0x52, 0x65, 0x73, 0x70, 0x6f,
	0x6e, 0x73, 0x65, 0x22, 0x30, 0x82, 0xd3, 0xe4, 0x93, 0x02, 0x2a, 0x3a, 0x01, 0x2a, 0x22, 0x25,
	0x2f, 0x76, 0x31, 0x2f, 0x73, 0x75, 0x62, 0x73, 0x63, 0x72, 0x69, 0x62, 0x65, 0x2f, 0x70, 0x61,
	0x79, 0x6d, 0x65, 0x6e, 0x74, 0x5f, 0x72, 0x65, 0x73, 0x75, 0x6c, 0x74, 0x5f, 0x63, 0x61, 0x6c,
	0x6c, 0x62, 0x61, 0x63, 0x6b, 0x12, 0x84, 0x01, 0x0a, 0x0f, 0x47, 0x65, 0x74, 0x43, 0x72, 0x65,
	0x64, 0x69, 0x74, 0x44, 0x65, 0x74, 0x61, 0x69, 0x6c, 0x12, 0x21, 0x2e, 0x76, 0x61, 0x5f, 0x69,
	0x6e, 0x74, 0x65, 0x72, 0x66, 0x61, 0x63, 0x65, 0x2e, 0x43, 0x72, 0x65, 0x64, 0x69, 0x74, 0x44,
	0x65, 0x74, 0x61, 0x69, 0x6c, 0x52, 0x65, 0x71, 0x75, 0x65, 0x73, 0x74, 0x1a, 0x22, 0x2e, 0x76,
	0x61, 0x5f, 0x69, 0x6e, 0x74, 0x65, 0x72, 0x66, 0x61, 0x63, 0x65, 0x2e, 0x43, 0x72, 0x65, 0x64,
	0x69, 0x74, 0x44, 0x65, 0x74, 0x61, 0x69, 0x6c, 0x52, 0x65, 0x73, 0x70, 0x6f, 0x6e, 0x73, 0x65,
	0x22, 0x2a, 0x82, 0xd3, 0xe4, 0x93, 0x02, 0x24, 0x3a, 0x01, 0x2a, 0x22, 0x1f, 0x2f, 0x76, 0x31,
	0x2f, 0x73, 0x75, 0x62, 0x73, 0x63, 0x72, 0x69, 0x62, 0x65, 0x2f, 0x67, 0x65, 0x74, 0x5f, 0x63,
	0x72, 0x65, 0x64, 0x69, 0x74, 0x5f, 0x64, 0x65, 0x74, 0x61, 0x69, 0x6c, 0x12, 0x7d, 0x0a, 0x0c,
	0x43, 0x6f, 0x75, 0x70, 0x6f, 0x6e, 0x52, 0x65, 0x64, 0x65, 0x65, 0x6d, 0x12, 0x21, 0x2e, 0x76,
	0x61, 0x5f, 0x69, 0x6e, 0x74, 0x65, 0x72, 0x66, 0x61, 0x63, 0x65, 0x2e, 0x43, 0x6f, 0x75, 0x70,
	0x6f, 0x6e, 0x52, 0x65, 0x64, 0x65, 0x65, 0x6d, 0x52, 0x65, 0x71, 0x75, 0x65, 0x73, 0x74, 0x1a,
	0x22, 0x2e, 0x76, 0x61, 0x5f, 0x69, 0x6e, 0x74, 0x65, 0x72, 0x66, 0x61, 0x63, 0x65, 0x2e, 0x43,
	0x6f, 0x75, 0x70, 0x6f, 0x6e, 0x52, 0x65, 0x64, 0x65, 0x65, 0x6d, 0x52, 0x65, 0x73, 0x70, 0x6f,
	0x6e, 0x73, 0x65, 0x22, 0x26, 0x82, 0xd3, 0xe4, 0x93, 0x02, 0x20, 0x3a, 0x01, 0x2a, 0x22, 0x1b,
	0x2f, 0x76, 0x31, 0x2f, 0x73, 0x75, 0x62, 0x73, 0x63, 0x72, 0x69, 0x62, 0x65, 0x2f, 0x63, 0x6f,
	0x75, 0x70, 0x6f, 0x6e, 0x5f, 0x72, 0x65, 0x64, 0x65, 0x65, 0x6d, 0x12, 0xb3, 0x01, 0x0a, 0x19,
	0x47, 0x65, 0x74, 0x53, 0x75, 0x62, 0x73, 0x63, 0x72, 0x69, 0x70, 0x74, 0x69, 0x6f, 0x6e, 0x45,
	0x78, 0x69, 0x74, 0x43, 0x6f, 0x6e, 0x66, 0x69, 0x67, 0x12, 0x2e, 0x2e, 0x76, 0x61, 0x5f, 0x69,
	0x6e, 0x74, 0x65, 0x72, 0x66, 0x61, 0x63, 0x65, 0x2e, 0x47, 0x65, 0x74, 0x53, 0x75, 0x62, 0x73,
	0x63, 0x72, 0x69, 0x70, 0x74, 0x69, 0x6f, 0x6e, 0x45, 0x78, 0x69, 0x74, 0x43, 0x6f, 0x6e, 0x66,
	0x69, 0x67, 0x52, 0x65, 0x71, 0x75, 0x65, 0x73, 0x74, 0x1a, 0x2f, 0x2e, 0x76, 0x61, 0x5f, 0x69,
	0x6e, 0x74, 0x65, 0x72, 0x66, 0x61, 0x63, 0x65, 0x2e, 0x47, 0x65, 0x74, 0x53, 0x75, 0x62, 0x73,
	0x63, 0x72, 0x69, 0x70, 0x74, 0x69, 0x6f, 0x6e, 0x45, 0x78, 0x69, 0x74, 0x43, 0x6f, 0x6e, 0x66,
	0x69, 0x67, 0x52, 0x65, 0x73, 0x70, 0x6f, 0x6e, 0x73, 0x65, 0x22, 0x35, 0x82, 0xd3, 0xe4, 0x93,
	0x02, 0x2f, 0x3a, 0x01, 0x2a, 0x22, 0x2a, 0x2f, 0x76, 0x31, 0x2f, 0x73, 0x75, 0x62, 0x73, 0x63,
	0x72, 0x69, 0x62, 0x65, 0x2f, 0x67, 0x65, 0x74, 0x5f, 0x73, 0x75, 0x62, 0x73, 0x63, 0x72, 0x69,
	0x70, 0x74, 0x69, 0x6f, 0x6e, 0x5f, 0x65, 0x78, 0x69, 0x74, 0x5f, 0x63, 0x6f, 0x6e, 0x66, 0x69,
	0x67, 0x12, 0x86, 0x01, 0x0a, 0x0e, 0x41, 0x64, 0x64, 0x55, 0x73, 0x65, 0x72, 0x43, 0x72, 0x65,
	0x64, 0x69, 0x74, 0x73, 0x12, 0x23, 0x2e, 0x76, 0x61, 0x5f, 0x69, 0x6e, 0x74, 0x65, 0x72, 0x66,
	0x61, 0x63, 0x65, 0x2e, 0x41, 0x64, 0x64, 0x55, 0x73, 0x65, 0x72, 0x43, 0x72, 0x65, 0x64, 0x69,
	0x74, 0x73, 0x52, 0x65, 0x71, 0x75, 0x65, 0x73, 0x74, 0x1a, 0x24, 0x2e, 0x76, 0x61, 0x5f, 0x69,
	0x6e, 0x74, 0x65, 0x72, 0x66, 0x61, 0x63, 0x65, 0x2e, 0x41, 0x64, 0x64, 0x55, 0x73, 0x65, 0x72,
	0x43, 0x72, 0x65, 0x64, 0x69, 0x74, 0x73, 0x52, 0x65, 0x73, 0x70, 0x6f, 0x6e, 0x73, 0x65, 0x22,
	0x29, 0x82, 0xd3, 0xe4, 0x93, 0x02, 0x23, 0x3a, 0x01, 0x2a, 0x22, 0x1e, 0x2f, 0x76, 0x31, 0x2f,
	0x73, 0x75, 0x62, 0x73, 0x63, 0x72, 0x69, 0x62, 0x65, 0x2f, 0x61, 0x64, 0x64, 0x5f, 0x75, 0x73,
	0x65, 0x72, 0x5f, 0x63, 0x72, 0x65, 0x64, 0x69, 0x74, 0x73, 0x12, 0x8f, 0x01, 0x0a, 0x10, 0x47,
	0x65, 0x74, 0x55, 0x73, 0x65, 0x72, 0x54, 0x61, 0x73, 0x6b, 0x53, 0x74, 0x61, 0x74, 0x73, 0x12,
	0x25, 0x2e, 0x76, 0x61, 0x5f, 0x69, 0x6e, 0x74, 0x65, 0x72, 0x66, 0x61, 0x63, 0x65, 0x2e, 0x47,
	0x65, 0x74, 0x55, 0x73, 0x65, 0x72, 0x54, 0x61, 0x73, 0x6b, 0x53, 0x74, 0x61, 0x74, 0x73, 0x52,
	0x65, 0x71, 0x75, 0x65, 0x73, 0x74, 0x1a, 0x26, 0x2e, 0x76, 0x61, 0x5f, 0x69, 0x6e, 0x74, 0x65,
	0x72, 0x66, 0x61, 0x63, 0x65, 0x2e, 0x47, 0x65, 0x74, 0x55, 0x73, 0x65, 0x72, 0x54, 0x61, 0x73,
	0x6b, 0x53, 0x74, 0x61, 0x74, 0x73, 0x52, 0x65, 0x73, 0x70, 0x6f, 0x6e, 0x73, 0x65, 0x22, 0x2c,
	0x82, 0xd3, 0xe4, 0x93, 0x02, 0x26, 0x3a, 0x01, 0x2a, 0x22, 0x21, 0x2f, 0x76, 0x31, 0x2f, 0x73,
	0x75, 0x62, 0x73, 0x63, 0x72, 0x69, 0x62, 0x65, 0x2f, 0x67, 0x65, 0x74, 0x5f, 0x75, 0x73, 0x65,
	0x72, 0x5f, 0x74, 0x61, 0x73, 0x6b, 0x5f, 0x73, 0x74, 0x61, 0x74, 0x73, 0x32, 0xd9, 0x23, 0x0a,
	0x13, 0x50, 0x69, 0x63, 0x74, 0x75, 0x72, 0x65, 0x46, 0x6f, 0x72, 0x67, 0x65, 0x53, 0x65, 0x72,
	0x76, 0x69, 0x63, 0x65, 0x12, 0xaa, 0x01, 0x0a, 0x16, 0x53, 0x75, 0x62, 0x6d, 0x69, 0x74, 0x50,
	0x69, 0x63, 0x74, 0x75, 0x72, 0x65, 0x46, 0x6f, 0x72, 0x67, 0x65, 0x54, 0x61, 0x73, 0x6b, 0x12,
	0x2b, 0x2e, 0x76, 0x61, 0x5f, 0x69, 0x6e, 0x74, 0x65, 0x72, 0x66, 0x61, 0x63, 0x65, 0x2e, 0x53,
	0x75, 0x62, 0x6d, 0x69, 0x74, 0x50, 0x69, 0x63, 0x74, 0x75, 0x72, 0x65, 0x46, 0x6f, 0x72, 0x67,
	0x65, 0x54, 0x61, 0x73, 0x6b, 0x52, 0x65, 0x71, 0x75, 0x65, 0x73, 0x74, 0x1a, 0x2c, 0x2e, 0x76,
	0x61, 0x5f, 0x69, 0x6e, 0x74, 0x65, 0x72, 0x66, 0x61, 0x63, 0x65, 0x2e, 0x53, 0x75, 0x62, 0x6d,
	0x69, 0x74, 0x50, 0x69, 0x63, 0x74, 0x75, 0x72, 0x65, 0x46, 0x6f, 0x72, 0x67, 0x65, 0x54, 0x61,
	0x73, 0x6b, 0x52, 0x65, 0x73, 0x70, 0x6f, 0x6e, 0x73, 0x65, 0x22, 0x35, 0x82, 0xd3, 0xe4, 0x93,
	0x02, 0x2f, 0x3a, 0x01, 0x2a, 0x22, 0x2a, 0x2f, 0x76, 0x31, 0x2f, 0x70, 0x69, 0x63, 0x74, 0x75,
	0x72, 0x65, 0x66, 0x6f, 0x72, 0x67, 0x65, 0x2f, 0x73, 0x75, 0x62, 0x6d, 0x69, 0x74, 0x5f, 0x70,
	0x69, 0x63, 0x74, 0x75, 0x72, 0x65, 0x5f, 0x66, 0x6f, 0x72, 0x67, 0x65, 0x5f, 0x74, 0x61, 0x73,
	0x6b, 0x12, 0x8d, 0x01, 0x0a, 0x0f, 0x52, 0x65, 0x74, 0x72, 0x79, 0x46, 0x61, 0x69, 0x6c, 0x65,
	0x64, 0x54, 0x61, 0x73, 0x6b, 0x12, 0x24, 0x2e, 0x76, 0x61, 0x5f, 0x69, 0x6e, 0x74, 0x65, 0x72,
	0x66, 0x61, 0x63, 0x65, 0x2e, 0x52, 0x65, 0x74, 0x72, 0x79, 0x46, 0x61, 0x69, 0x6c, 0x65, 0x64,
	0x54, 0x61, 0x73, 0x6b, 0x52, 0x65, 0x71, 0x75, 0x65, 0x73, 0x74, 0x1a, 0x25, 0x2e, 0x76, 0x61,
	0x5f, 0x69, 0x6e, 0x74, 0x65, 0x72, 0x66, 0x61, 0x63, 0x65, 0x2e, 0x52, 0x65, 0x74, 0x72, 0x79,
	0x46, 0x61, 0x69, 0x6c, 0x65, 0x64, 0x54, 0x61, 0x73, 0x6b, 0x52, 0x65, 0x73, 0x70, 0x6f, 0x6e,
	0x73, 0x65, 0x22, 0x2d, 0x82, 0xd3, 0xe4, 0x93, 0x02, 0x27, 0x3a, 0x01, 0x2a, 0x22, 0x22, 0x2f,
	0x76, 0x31, 0x2f, 0x70, 0x69, 0x63, 0x74, 0x75, 0x72, 0x65, 0x66, 0x6f, 0x72, 0x67, 0x65, 0x2f,
	0x72, 0x65, 0x74, 0x72, 0x79, 0x5f, 0x66, 0x61, 0x69, 0x6c, 0x65, 0x64, 0x5f, 0x74, 0x61, 0x73,
	0x6b, 0x12, 0xb7, 0x01, 0x0a, 0x19, 0x47, 0x65, 0x74, 0x50, 0x69, 0x63, 0x74, 0x75, 0x72, 0x65,
	0x46, 0x6f, 0x72, 0x67, 0x65, 0x54, 0x61, 0x73, 0x6b, 0x52, 0x65, 0x73, 0x75, 0x6c, 0x74, 0x12,
	0x2e, 0x2e, 0x76, 0x61, 0x5f, 0x69, 0x6e, 0x74, 0x65, 0x72, 0x66, 0x61, 0x63, 0x65, 0x2e, 0x47,
	0x65, 0x74, 0x50, 0x69, 0x63, 0x74, 0x75, 0x72, 0x65, 0x46, 0x6f, 0x72, 0x67, 0x65, 0x54, 0x61,
	0x73, 0x6b, 0x52, 0x65, 0x73, 0x75, 0x6c, 0x74, 0x52, 0x65, 0x71, 0x75, 0x65, 0x73, 0x74, 0x1a,
	0x2f, 0x2e, 0x76, 0x61, 0x5f, 0x69, 0x6e, 0x74, 0x65, 0x72, 0x66, 0x61, 0x63, 0x65, 0x2e, 0x47,
	0x65, 0x74, 0x50, 0x69, 0x63, 0x74, 0x75, 0x72, 0x65, 0x46, 0x6f, 0x72, 0x67, 0x65, 0x54, 0x61,
	0x73, 0x6b, 0x52, 0x65, 0x73, 0x75, 0x6c, 0x74, 0x52, 0x65, 0x73, 0x70, 0x6f, 0x6e, 0x73, 0x65,
	0x22, 0x39, 0x82, 0xd3, 0xe4, 0x93, 0x02, 0x33, 0x3a, 0x01, 0x2a, 0x22, 0x2e, 0x2f, 0x76, 0x31,
	0x2f, 0x70, 0x69, 0x63, 0x74, 0x75, 0x72, 0x65, 0x66, 0x6f, 0x72, 0x67, 0x65, 0x2f, 0x67, 0x65,
	0x74, 0x5f, 0x70, 0x69, 0x63, 0x74, 0x75, 0x72, 0x65, 0x5f, 0x66, 0x6f, 0x72, 0x67, 0x65, 0x5f,
	0x74, 0x61, 0x73, 0x6b, 0x5f, 0x72, 0x65, 0x73, 0x75, 0x6c, 0x74, 0x12, 0xa1, 0x01, 0x0a, 0x14,
	0x4c, 0x69, 0x73, 0x74, 0x43, 0x6f, 0x6d, 0x6d, 0x75, 0x6e, 0x69, 0x74, 0x79, 0x50, 0x69, 0x63,
	0x74, 0x75, 0x72, 0x65, 0x12, 0x29, 0x2e, 0x76, 0x61, 0x5f, 0x69, 0x6e, 0x74, 0x65, 0x72, 0x66,
	0x61, 0x63, 0x65, 0x2e, 0x4c, 0x69, 0x73, 0x74, 0x43, 0x6f, 0x6d, 0x6d, 0x75, 0x6e, 0x69, 0x74,
	0x79, 0x50, 0x69, 0x63, 0x74, 0x75, 0x72, 0x65, 0x52, 0x65, 0x71, 0x75, 0x65, 0x73, 0x74, 0x1a,
	0x2a, 0x2e, 0x76, 0x61, 0x5f, 0x69, 0x6e, 0x74, 0x65, 0x72, 0x66, 0x61, 0x63, 0x65, 0x2e, 0x4c,
	0x69, 0x73, 0x74, 0x43, 0x6f, 0x6d, 0x6d, 0x75, 0x6e, 0x69, 0x74, 0x79, 0x50, 0x69, 0x63, 0x74,
	0x75, 0x72, 0x65, 0x52, 0x65, 0x73, 0x70, 0x6f, 0x6e, 0x73, 0x65, 0x22, 0x32, 0x82, 0xd3, 0xe4,
	0x93, 0x02, 0x2c, 0x3a, 0x01, 0x2a, 0x22, 0x27, 0x2f, 0x76, 0x31, 0x2f, 0x70, 0x69, 0x63, 0x74,
	0x75, 0x72, 0x65, 0x66, 0x6f, 0x72, 0x67, 0x65, 0x2f, 0x6c, 0x69, 0x73, 0x74, 0x5f, 0x63, 0x6f,
	0x6d, 0x6d, 0x75, 0x6e, 0x69, 0x74, 0x79, 0x5f, 0x70, 0x69, 0x63, 0x74, 0x75, 0x72, 0x65, 0x12,
	0xa6, 0x01, 0x0a, 0x15, 0x4c, 0x69, 0x73, 0x74, 0x55, 0x73, 0x65, 0x72, 0x55, 0x70, 0x6c, 0x6f,
	0x61, 0x64, 0x50, 0x69, 0x63, 0x74, 0x75, 0x72, 0x65, 0x12, 0x2a, 0x2e, 0x76, 0x61, 0x5f, 0x69,
	0x6e, 0x74, 0x65, 0x72, 0x66, 0x61, 0x63, 0x65, 0x2e, 0x4c, 0x69, 0x73, 0x74, 0x55, 0x73, 0x65,
	0x72, 0x55, 0x70, 0x6c, 0x6f, 0x61, 0x64, 0x50, 0x69, 0x63, 0x74, 0x75, 0x72, 0x65, 0x52, 0x65,
	0x71, 0x75, 0x65, 0x73, 0x74, 0x1a, 0x2b, 0x2e, 0x76, 0x61, 0x5f, 0x69, 0x6e, 0x74, 0x65, 0x72,
	0x66, 0x61, 0x63, 0x65, 0x2e, 0x4c, 0x69, 0x73, 0x74, 0x55, 0x73, 0x65, 0x72, 0x55, 0x70, 0x6c,
	0x6f, 0x61, 0x64, 0x50, 0x69, 0x63, 0x74, 0x75, 0x72, 0x65, 0x52, 0x65, 0x73, 0x70, 0x6f, 0x6e,
	0x73, 0x65, 0x22, 0x34, 0x82, 0xd3, 0xe4, 0x93, 0x02, 0x2e, 0x3a, 0x01, 0x2a, 0x22, 0x29, 0x2f,
	0x76, 0x31, 0x2f, 0x70, 0x69, 0x63, 0x74, 0x75, 0x72, 0x65, 0x66, 0x6f, 0x72, 0x67, 0x65, 0x2f,
	0x6c, 0x69, 0x73, 0x74, 0x5f, 0x75, 0x73, 0x65, 0x72, 0x5f, 0x75, 0x70, 0x6c, 0x6f, 0x61, 0x64,
	0x5f, 0x70, 0x69, 0x63, 0x74, 0x75, 0x72, 0x65, 0x12, 0xaa, 0x01, 0x0a, 0x16, 0x43, 0x6c, 0x65,
	0x61, 0x72, 0x55, 0x73, 0x65, 0x72, 0x55, 0x70, 0x6c, 0x6f, 0x61, 0x64, 0x50, 0x69, 0x63, 0x74,
	0x75, 0x72, 0x65, 0x12, 0x2b, 0x2e, 0x76, 0x61, 0x5f, 0x69, 0x6e, 0x74, 0x65, 0x72, 0x66, 0x61,
	0x63, 0x65, 0x2e, 0x43, 0x6c, 0x65, 0x61, 0x72, 0x55, 0x73, 0x65, 0x72, 0x55, 0x70, 0x6c, 0x6f,
	0x61, 0x64, 0x50, 0x69, 0x63, 0x74, 0x75, 0x72, 0x65, 0x52, 0x65, 0x71, 0x75, 0x65, 0x73, 0x74,
	0x1a, 0x2c, 0x2e, 0x76, 0x61, 0x5f, 0x69, 0x6e, 0x74, 0x65, 0x72, 0x66, 0x61, 0x63, 0x65, 0x2e,
	0x43, 0x6c, 0x65, 0x61, 0x72, 0x55, 0x73, 0x65, 0x72, 0x55, 0x70, 0x6c, 0x6f, 0x61, 0x64, 0x50,
	0x69, 0x63, 0x74, 0x75, 0x72, 0x65, 0x52, 0x65, 0x73, 0x70, 0x6f, 0x6e, 0x73, 0x65, 0x22, 0x35,
	0x82, 0xd3, 0xe4, 0x93, 0x02, 0x2f, 0x3a, 0x01, 0x2a, 0x22, 0x2a, 0x2f, 0x76, 0x31, 0x2f, 0x70,
	0x69, 0x63, 0x74, 0x75, 0x72, 0x65, 0x66, 0x6f, 0x72, 0x67, 0x65, 0x2f, 0x63, 0x6c, 0x65, 0x61,
	0x72, 0x5f, 0x75, 0x73, 0x65, 0x72, 0x5f, 0x75, 0x70, 0x6c, 0x6f, 0x61, 0x64, 0x5f, 0x70, 0x69,
	0x63, 0x74, 0x75, 0x72, 0x65, 0x12, 0xae, 0x01, 0x0a, 0x17, 0x44, 0x65, 0x6c, 0x65, 0x74, 0x65,
	0x55, 0x73, 0x65, 0x72, 0x55, 0x70, 0x6c, 0x6f, 0x61, 0x64, 0x50, 0x69, 0x63, 0x74, 0x75, 0x72,
	0x65, 0x12, 0x2c, 0x2e, 0x76, 0x61, 0x5f, 0x69, 0x6e, 0x74, 0x65, 0x72, 0x66, 0x61, 0x63, 0x65,
	0x2e, 0x44, 0x65, 0x6c, 0x65, 0x74, 0x65, 0x55, 0x73, 0x65, 0x72, 0x55, 0x70, 0x6c, 0x6f, 0x61,
	0x64, 0x50, 0x69, 0x63, 0x74, 0x75, 0x72, 0x65, 0x52, 0x65, 0x71, 0x75, 0x65, 0x73, 0x74, 0x1a,
	0x2d, 0x2e, 0x76, 0x61, 0x5f, 0x69, 0x6e, 0x74, 0x65, 0x72, 0x66, 0x61, 0x63, 0x65, 0x2e, 0x44,
	0x65, 0x6c, 0x65, 0x74, 0x65, 0x55, 0x73, 0x65, 0x72, 0x55, 0x70, 0x6c, 0x6f, 0x61, 0x64, 0x50,
	0x69, 0x63, 0x74, 0x75, 0x72, 0x65, 0x52, 0x65, 0x73, 0x70, 0x6f, 0x6e, 0x73, 0x65, 0x22, 0x36,
	0x82, 0xd3, 0xe4, 0x93, 0x02, 0x30, 0x3a, 0x01, 0x2a, 0x22, 0x2b, 0x2f, 0x76, 0x31, 0x2f, 0x70,
	0x69, 0x63, 0x74, 0x75, 0x72, 0x65, 0x66, 0x6f, 0x72, 0x67, 0x65, 0x2f, 0x64, 0x65, 0x6c, 0x65,
	0x74, 0x65, 0x5f, 0x75, 0x73, 0x65, 0x72, 0x5f, 0x75, 0x70, 0x6c, 0x6f, 0x61, 0x64, 0x5f, 0x70,
	0x69, 0x63, 0x74, 0x75, 0x72, 0x65, 0x12, 0xb3, 0x01, 0x0a, 0x18, 0x4c, 0x69, 0x73, 0x74, 0x55,
	0x73, 0x65, 0x72, 0x50, 0x69, 0x63, 0x74, 0x75, 0x72, 0x65, 0x46, 0x6f, 0x72, 0x67, 0x65, 0x54,
	0x61, 0x73, 0x6b, 0x12, 0x2d, 0x2e, 0x76, 0x61, 0x5f, 0x69, 0x6e, 0x74, 0x65, 0x72, 0x66, 0x61,
	0x63, 0x65, 0x2e, 0x4c, 0x69, 0x73, 0x74, 0x55, 0x73, 0x65, 0x72, 0x50, 0x69, 0x63, 0x74, 0x75,
	0x72, 0x65, 0x46, 0x6f, 0x72, 0x67, 0x65, 0x54, 0x61, 0x73, 0x6b, 0x52, 0x65, 0x71, 0x75, 0x65,
	0x73, 0x74, 0x1a, 0x2e, 0x2e, 0x76, 0x61, 0x5f, 0x69, 0x6e, 0x74, 0x65, 0x72, 0x66, 0x61, 0x63,
	0x65, 0x2e, 0x4c, 0x69, 0x73, 0x74, 0x55, 0x73, 0x65, 0x72, 0x50, 0x69, 0x63, 0x74, 0x75, 0x72,
	0x65, 0x46, 0x6f, 0x72, 0x67, 0x65, 0x54, 0x61, 0x73, 0x6b, 0x52, 0x65, 0x73, 0x70, 0x6f, 0x6e,
	0x73, 0x65, 0x22, 0x38, 0x82, 0xd3, 0xe4, 0x93, 0x02, 0x32, 0x3a, 0x01, 0x2a, 0x22, 0x2d, 0x2f,
	0x76, 0x31, 0x2f, 0x70, 0x69, 0x63, 0x74, 0x75, 0x72, 0x65, 0x66, 0x6f, 0x72, 0x67, 0x65, 0x2f,
	0x6c, 0x69, 0x73, 0x74, 0x5f, 0x75, 0x73, 0x65, 0x72, 0x5f, 0x70, 0x69, 0x63, 0x74, 0x75, 0x72,
	0x65, 0x5f, 0x66, 0x6f, 0x72, 0x67, 0x65, 0x5f, 0x74, 0x61, 0x73, 0x6b, 0x12, 0x88, 0x01, 0x0a,
	0x0e, 0x50, 0x75, 0x62, 0x6c, 0x69, 0x73, 0x68, 0x50, 0x69, 0x63, 0x74, 0x75, 0x72, 0x65, 0x12,
	0x23, 0x2e, 0x76, 0x61, 0x5f, 0x69, 0x6e, 0x74, 0x65, 0x72, 0x66, 0x61, 0x63, 0x65, 0x2e, 0x50,
	0x75, 0x62, 0x6c, 0x69, 0x73, 0x68, 0x50, 0x69, 0x63, 0x74, 0x75, 0x72, 0x65, 0x52, 0x65, 0x71,
	0x75, 0x65, 0x73, 0x74, 0x1a, 0x24, 0x2e, 0x76, 0x61, 0x5f, 0x69, 0x6e, 0x74, 0x65, 0x72, 0x66,
	0x61, 0x63, 0x65, 0x2e, 0x50, 0x75, 0x62, 0x6c, 0x69, 0x73, 0x68, 0x50, 0x69, 0x63, 0x74, 0x75,
	0x72, 0x65, 0x52, 0x65, 0x73, 0x70, 0x6f, 0x6e, 0x73, 0x65, 0x22, 0x2b, 0x82, 0xd3, 0xe4, 0x93,
	0x02, 0x25, 0x3a, 0x01, 0x2a, 0x22, 0x20, 0x2f, 0x76, 0x31, 0x2f, 0x70, 0x69, 0x63, 0x74, 0x75,
	0x72, 0x65, 0x66, 0x6f, 0x72, 0x67, 0x65, 0x2f, 0x70, 0x75, 0x62, 0x6c, 0x69, 0x73, 0x68, 0x5f,
	0x70, 0x69, 0x63, 0x74, 0x75, 0x72, 0x65, 0x12, 0x84, 0x01, 0x0a, 0x0d, 0x44, 0x65, 0x6c, 0x65,
	0x74, 0x65, 0x50, 0x69, 0x63, 0x74, 0x75, 0x72, 0x65, 0x12, 0x22, 0x2e, 0x76, 0x61, 0x5f, 0x69,
	0x6e, 0x74, 0x65, 0x72, 0x66, 0x61, 0x63, 0x65, 0x2e, 0x44, 0x65, 0x6c, 0x65, 0x74, 0x65, 0x50,
	0x69, 0x63, 0x74, 0x75, 0x72, 0x65, 0x52, 0x65, 0x71, 0x75, 0x65, 0x73, 0x74, 0x1a, 0x23, 0x2e,
	0x76, 0x61, 0x5f, 0x69, 0x6e, 0x74, 0x65, 0x72, 0x66, 0x61, 0x63, 0x65, 0x2e, 0x44, 0x65, 0x6c,
	0x65, 0x74, 0x65, 0x50, 0x69, 0x63, 0x74, 0x75, 0x72, 0x65, 0x52, 0x65, 0x73, 0x70, 0x6f, 0x6e,
	0x73, 0x65, 0x22, 0x2a, 0x82, 0xd3, 0xe4, 0x93, 0x02, 0x24, 0x3a, 0x01, 0x2a, 0x22, 0x1f, 0x2f,
	0x76, 0x31, 0x2f, 0x70, 0x69, 0x63, 0x74, 0x75, 0x72, 0x65, 0x66, 0x6f, 0x72, 0x67, 0x65, 0x2f,
	0x64, 0x65, 0x6c, 0x65, 0x74, 0x65, 0x5f, 0x70, 0x69, 0x63, 0x74, 0x75, 0x72, 0x65, 0x12, 0x91,
	0x01, 0x0a, 0x10, 0x4c, 0x69, 0x73, 0x74, 0x57, 0x6f, 0x72, 0x6b, 0x66, 0x6c, 0x6f, 0x77, 0x4b,
	0x69, 0x6e, 0x64, 0x12, 0x25, 0x2e, 0x76, 0x61, 0x5f, 0x69, 0x6e, 0x74, 0x65, 0x72, 0x66, 0x61,
	0x63, 0x65, 0x2e, 0x4c, 0x69, 0x73, 0x74, 0x57, 0x6f, 0x72, 0x6b, 0x66, 0x6c, 0x6f, 0x77, 0x4b,
	0x69, 0x6e, 0x64, 0x52, 0x65, 0x71, 0x75, 0x65, 0x73, 0x74, 0x1a, 0x26, 0x2e, 0x76, 0x61, 0x5f,
	0x69, 0x6e, 0x74, 0x65, 0x72, 0x66, 0x61, 0x63, 0x65, 0x2e, 0x4c, 0x69, 0x73, 0x74, 0x57, 0x6f,
	0x72, 0x6b, 0x66, 0x6c, 0x6f, 0x77, 0x4b, 0x69, 0x6e, 0x64, 0x52, 0x65, 0x73, 0x70, 0x6f, 0x6e,
	0x73, 0x65, 0x22, 0x2e, 0x82, 0xd3, 0xe4, 0x93, 0x02, 0x28, 0x3a, 0x01, 0x2a, 0x22, 0x23, 0x2f,
	0x76, 0x31, 0x2f, 0x70, 0x69, 0x63, 0x74, 0x75, 0x72, 0x65, 0x66, 0x6f, 0x72, 0x67, 0x65, 0x2f,
	0x6c, 0x69, 0x73, 0x74, 0x5f, 0x77, 0x6f, 0x72, 0x6b, 0x66, 0x6c, 0x6f, 0x77, 0x5f, 0x6b, 0x69,
	0x6e, 0x64, 0x12, 0x91, 0x01, 0x0a, 0x10, 0x4c, 0x69, 0x73, 0x74, 0x57, 0x6f, 0x72, 0x6b, 0x66,
	0x6c, 0x6f, 0x77, 0x50, 0x61, 0x67, 0x65, 0x12, 0x25, 0x2e, 0x76, 0x61, 0x5f, 0x69, 0x6e, 0x74,
	0x65, 0x72, 0x66, 0x61, 0x63, 0x65, 0x2e, 0x4c, 0x69, 0x73, 0x74, 0x57, 0x6f, 0x72, 0x6b, 0x66,
	0x6c, 0x6f, 0x77, 0x50, 0x61, 0x67, 0x65, 0x52, 0x65, 0x71, 0x75, 0x65, 0x73, 0x74, 0x1a, 0x26,
	0x2e, 0x76, 0x61, 0x5f, 0x69, 0x6e, 0x74, 0x65, 0x72, 0x66, 0x61, 0x63, 0x65, 0x2e, 0x4c, 0x69,
	0x73, 0x74, 0x57, 0x6f, 0x72, 0x6b, 0x66, 0x6c, 0x6f, 0x77, 0x50, 0x61, 0x67, 0x65, 0x52, 0x65,
	0x73, 0x70, 0x6f, 0x6e, 0x73, 0x65, 0x22, 0x2e, 0x82, 0xd3, 0xe4, 0x93, 0x02, 0x28, 0x3a, 0x01,
	0x2a, 0x22, 0x23, 0x2f, 0x76, 0x31, 0x2f, 0x70, 0x69, 0x63, 0x74, 0x75, 0x72, 0x65, 0x66, 0x6f,
	0x72, 0x67, 0x65, 0x2f, 0x6c, 0x69, 0x73, 0x74, 0x5f, 0x77, 0x6f, 0x72, 0x6b, 0x66, 0x6c, 0x6f,
	0x77, 0x5f, 0x70, 0x61, 0x67, 0x65, 0x12, 0xa6, 0x01, 0x0a, 0x15, 0x4c, 0x69, 0x73, 0x74, 0x4b,
	0x69, 0x6e, 0x64, 0x57, 0x69, 0x74, 0x68, 0x57, 0x6f, 0x72, 0x6b, 0x66, 0x6c, 0x6f, 0x77, 0x73,
	0x12, 0x2a, 0x2e, 0x76, 0x61, 0x5f, 0x69, 0x6e, 0x74, 0x65, 0x72, 0x66, 0x61, 0x63, 0x65, 0x2e,
	0x4c, 0x69, 0x73, 0x74, 0x4b, 0x69, 0x6e, 0x64, 0x57, 0x69, 0x74, 0x68, 0x57, 0x6f, 0x72, 0x6b,
	0x66, 0x6c, 0x6f, 0x77, 0x73, 0x52, 0x65, 0x71, 0x75, 0x65, 0x73, 0x74, 0x1a, 0x2b, 0x2e, 0x76,
	0x61, 0x5f, 0x69, 0x6e, 0x74, 0x65, 0x72, 0x66, 0x61, 0x63, 0x65, 0x2e, 0x4c, 0x69, 0x73, 0x74,
	0x4b, 0x69, 0x6e, 0x64, 0x57, 0x69, 0x74, 0x68, 0x57, 0x6f, 0x72, 0x6b, 0x66, 0x6c, 0x6f, 0x77,
	0x73, 0x52, 0x65, 0x73, 0x70, 0x6f, 0x6e, 0x73, 0x65, 0x22, 0x34, 0x82, 0xd3, 0xe4, 0x93, 0x02,
	0x2e, 0x3a, 0x01, 0x2a, 0x22, 0x29, 0x2f, 0x76, 0x31, 0x2f, 0x70, 0x69, 0x63, 0x74, 0x75, 0x72,
	0x65, 0x66, 0x6f, 0x72, 0x67, 0x65, 0x2f, 0x6c, 0x69, 0x73, 0x74, 0x5f, 0x6b, 0x69, 0x6e, 0x64,
	0x5f, 0x77, 0x69, 0x74, 0x68, 0x5f, 0x77, 0x6f, 0x72, 0x6b, 0x66, 0x6c, 0x6f, 0x77, 0x73, 0x12,
	0xaa, 0x01, 0x0a, 0x16, 0x4c, 0x69, 0x73, 0x74, 0x54, 0x68, 0x65, 0x6d, 0x65, 0x57, 0x69, 0x74,
	0x68, 0x57, 0x6f, 0x72, 0x6b, 0x66, 0x6c, 0x6f, 0x77, 0x73, 0x12, 0x2b, 0x2e, 0x76, 0x61, 0x5f,
	0x69, 0x6e, 0x74, 0x65, 0x72, 0x66, 0x61, 0x63, 0x65, 0x2e, 0x4c, 0x69, 0x73, 0x74, 0x54, 0x68,
	0x65, 0x6d, 0x65, 0x57, 0x69, 0x74, 0x68, 0x57, 0x6f, 0x72, 0x6b, 0x66, 0x6c, 0x6f, 0x77, 0x73,
	0x52, 0x65, 0x71, 0x75, 0x65, 0x73, 0x74, 0x1a, 0x2c, 0x2e, 0x76, 0x61, 0x5f, 0x69, 0x6e, 0x74,
	0x65, 0x72, 0x66, 0x61, 0x63, 0x65, 0x2e, 0x4c, 0x69, 0x73, 0x74, 0x54, 0x68, 0x65, 0x6d, 0x65,
	0x57, 0x69, 0x74, 0x68, 0x57, 0x6f, 0x72, 0x6b, 0x66, 0x6c, 0x6f, 0x77, 0x73, 0x52, 0x65, 0x73,
	0x70, 0x6f, 0x6e, 0x73, 0x65, 0x22, 0x35, 0x82, 0xd3, 0xe4, 0x93, 0x02, 0x2f, 0x3a, 0x01, 0x2a,
	0x22, 0x2a, 0x2f, 0x76, 0x31, 0x2f, 0x70, 0x69, 0x63, 0x74, 0x75, 0x72, 0x65, 0x66, 0x6f, 0x72,
	0x67, 0x65, 0x2f, 0x6c, 0x69, 0x73, 0x74, 0x5f, 0x74, 0x68, 0x65, 0x6d, 0x65, 0x5f, 0x77, 0x69,
	0x74, 0x68, 0x5f, 0x77, 0x6f, 0x72, 0x6b, 0x66, 0x6c, 0x6f, 0x77, 0x73, 0x12, 0xbf, 0x01, 0x0a,
	0x1b, 0x4c, 0x69, 0x73, 0x74, 0x42, 0x61, 0x6e, 0x6e, 0x65, 0x72, 0x4b, 0x69, 0x6e, 0x64, 0x57,
	0x69, 0x74, 0x68, 0x57, 0x6f, 0x72, 0x6b, 0x66, 0x6c, 0x6f, 0x77, 0x73, 0x12, 0x30, 0x2e, 0x76,
	0x61, 0x5f, 0x69, 0x6e, 0x74, 0x65, 0x72, 0x66, 0x61, 0x63, 0x65, 0x2e, 0x4c, 0x69, 0x73, 0x74,
	0x42, 0x61, 0x6e, 0x6e, 0x65, 0x72, 0x4b, 0x69, 0x6e, 0x64, 0x57, 0x69, 0x74, 0x68, 0x57, 0x6f,
	0x72, 0x6b, 0x66, 0x6c, 0x6f, 0x77, 0x73, 0x52, 0x65, 0x71, 0x75, 0x65, 0x73, 0x74, 0x1a, 0x31,
	0x2e, 0x76, 0x61, 0x5f, 0x69, 0x6e, 0x74, 0x65, 0x72, 0x66, 0x61, 0x63, 0x65, 0x2e, 0x4c, 0x69,
	0x73, 0x74, 0x42, 0x61, 0x6e, 0x6e, 0x65, 0x72, 0x4b, 0x69, 0x6e, 0x64, 0x57, 0x69, 0x74, 0x68,
	0x57, 0x6f, 0x72, 0x6b, 0x66, 0x6c, 0x6f, 0x77, 0x73, 0x52, 0x65, 0x73, 0x70, 0x6f, 0x6e, 0x73,
	0x65, 0x22, 0x3b, 0x82, 0xd3, 0xe4, 0x93, 0x02, 0x35, 0x3a, 0x01, 0x2a, 0x22, 0x30, 0x2f, 0x76,
	0x31, 0x2f, 0x70, 0x69, 0x63, 0x74, 0x75, 0x72, 0x65, 0x66, 0x6f, 0x72, 0x67, 0x65, 0x2f, 0x6c,
	0x69, 0x73, 0x74, 0x5f, 0x62, 0x61, 0x6e, 0x6e, 0x65, 0x72, 0x5f, 0x6b, 0x69, 0x6e, 0x64, 0x5f,
	0x77, 0x69, 0x74, 0x68, 0x5f, 0x77, 0x6f, 0x72, 0x6b, 0x66, 0x6c, 0x6f, 0x77, 0x73, 0x12, 0xb2,
	0x01, 0x0a, 0x18, 0x53, 0x75, 0x62, 0x6d, 0x69, 0x74, 0x52, 0x61, 0x6e, 0x64, 0x6f, 0x6d, 0x57,
	0x6f, 0x72, 0x6b, 0x66, 0x6c, 0x6f, 0x77, 0x54, 0x61, 0x73, 0x6b, 0x12, 0x2d, 0x2e, 0x76, 0x61,
	0x5f, 0x69, 0x6e, 0x74, 0x65, 0x72, 0x66, 0x61, 0x63, 0x65, 0x2e, 0x53, 0x75, 0x62, 0x6d, 0x69,
	0x74, 0x52, 0x61, 0x6e, 0x64, 0x6f, 0x6d, 0x57, 0x6f, 0x72, 0x6b, 0x66, 0x6c, 0x6f, 0x77, 0x54,
	0x61, 0x73, 0x6b, 0x52, 0x65, 0x71, 0x75, 0x65, 0x73, 0x74, 0x1a, 0x2e, 0x2e, 0x76, 0x61, 0x5f,
	0x69, 0x6e, 0x74, 0x65, 0x72, 0x66, 0x61, 0x63, 0x65, 0x2e, 0x53, 0x75, 0x62, 0x6d, 0x69, 0x74,
	0x52, 0x61, 0x6e, 0x64, 0x6f, 0x6d, 0x57, 0x6f, 0x72, 0x6b, 0x66, 0x6c, 0x6f, 0x77, 0x54, 0x61,
	0x73, 0x6b, 0x52, 0x65, 0x73, 0x70, 0x6f, 0x6e, 0x73, 0x65, 0x22, 0x37, 0x82, 0xd3, 0xe4, 0x93,
	0x02, 0x31, 0x3a, 0x01, 0x2a, 0x22, 0x2c, 0x2f, 0x76, 0x31, 0x2f, 0x70, 0x69, 0x63, 0x74, 0x75,
	0x72, 0x65, 0x66, 0x6f, 0x72, 0x67, 0x65, 0x2f, 0x73, 0x75, 0x62, 0x6d, 0x69, 0x74, 0x5f, 0x72,
	0x61, 0x6e, 0x64, 0x6f, 0x6d, 0x5f, 0x77, 0x6f, 0x72, 0x6b, 0x66, 0x6c, 0x6f, 0x77, 0x5f, 0x74,
	0x61, 0x73, 0x6b, 0x12, 0x92, 0x01, 0x0a, 0x10, 0x4c, 0x69, 0x73, 0x74, 0x41, 0x6c, 0x6c, 0x54,
	0x68, 0x65, 0x6d, 0x65, 0x49, 0x6e, 0x66, 0x6f, 0x12, 0x25, 0x2e, 0x76, 0x61, 0x5f, 0x69, 0x6e,
	0x74, 0x65, 0x72, 0x66, 0x61, 0x63, 0x65, 0x2e, 0x4c, 0x69, 0x73, 0x74, 0x41, 0x6c, 0x6c, 0x54,
	0x68, 0x65, 0x6d, 0x65, 0x49, 0x6e, 0x66, 0x6f, 0x52, 0x65, 0x71, 0x75, 0x65, 0x73, 0x74, 0x1a,
	0x26, 0x2e, 0x76, 0x61, 0x5f, 0x69, 0x6e, 0x74, 0x65, 0x72, 0x66, 0x61, 0x63, 0x65, 0x2e, 0x4c,
	0x69, 0x73, 0x74, 0x41, 0x6c, 0x6c, 0x54, 0x68, 0x65, 0x6d, 0x65, 0x49, 0x6e, 0x66, 0x6f, 0x52,
	0x65, 0x73, 0x70, 0x6f, 0x6e, 0x73, 0x65, 0x22, 0x2f, 0x82, 0xd3, 0xe4, 0x93, 0x02, 0x29, 0x3a,
	0x01, 0x2a, 0x22, 0x24, 0x2f, 0x76, 0x31, 0x2f, 0x70, 0x69, 0x63, 0x74, 0x75, 0x72, 0x65, 0x66,
	0x6f, 0x72, 0x67, 0x65, 0x2f, 0x6c, 0x69, 0x73, 0x74, 0x5f, 0x61, 0x6c, 0x6c, 0x5f, 0x74, 0x68,
	0x65, 0x6d, 0x65, 0x5f, 0x69, 0x6e, 0x66, 0x6f, 0x12, 0x9e, 0x01, 0x0a, 0x13, 0x50, 0x69, 0x63,
	0x74, 0x75, 0x72, 0x65, 0x54, 0x6f, 0x56, 0x69, 0x64, 0x65, 0x6f, 0x47, 0x75, 0x69, 0x64, 0x65,
	0x12, 0x28, 0x2e, 0x76, 0x61, 0x5f, 0x69, 0x6e, 0x74, 0x65, 0x72, 0x66, 0x61, 0x63, 0x65, 0x2e,
	0x50, 0x69, 0x63, 0x74, 0x75, 0x72, 0x65, 0x54, 0x6f, 0x56, 0x69, 0x64, 0x65, 0x6f, 0x47, 0x75,
	0x69, 0x64, 0x65, 0x52, 0x65, 0x71, 0x75, 0x65, 0x73, 0x74, 0x1a, 0x29, 0x2e, 0x76, 0x61, 0x5f,
	0x69, 0x6e, 0x74, 0x65, 0x72, 0x66, 0x61, 0x63, 0x65, 0x2e, 0x50, 0x69, 0x63, 0x74, 0x75, 0x72,
	0x65, 0x54, 0x6f, 0x56, 0x69, 0x64, 0x65, 0x6f, 0x47, 0x75, 0x69, 0x64, 0x65, 0x52, 0x65, 0x73,
	0x70, 0x6f, 0x6e, 0x73, 0x65, 0x22, 0x32, 0x82, 0xd3, 0xe4, 0x93, 0x02, 0x2c, 0x3a, 0x01, 0x2a,
	0x22, 0x27, 0x2f, 0x76, 0x31, 0x2f, 0x70, 0x69, 0x63, 0x74, 0x75, 0x72, 0x65, 0x66, 0x6f, 0x72,
	0x67, 0x65, 0x2f, 0x70, 0x69, 0x63, 0x74, 0x75, 0x72, 0x65, 0x5f, 0x74, 0x6f, 0x5f, 0x76, 0x69,
	0x64, 0x65, 0x6f, 0x5f, 0x67, 0x75, 0x69, 0x64, 0x65, 0x12, 0x91, 0x01, 0x0a, 0x10, 0x4c, 0x69,
	0x73, 0x74, 0x50, 0x69, 0x63, 0x74, 0x75, 0x72, 0x65, 0x54, 0x6f, 0x6f, 0x6c, 0x73, 0x12, 0x25,
	0x2e, 0x76, 0x61, 0x5f, 0x69, 0x6e, 0x74, 0x65, 0x72, 0x66, 0x61, 0x63, 0x65, 0x2e, 0x4c, 0x69,
	0x73, 0x74, 0x50, 0x69, 0x63, 0x74, 0x75, 0x72, 0x65, 0x54, 0x6f, 0x6f, 0x6c, 0x73, 0x52, 0x65,
	0x71, 0x75, 0x65, 0x73, 0x74, 0x1a, 0x26, 0x2e, 0x76, 0x61, 0x5f, 0x69, 0x6e, 0x74, 0x65, 0x72,
	0x66, 0x61, 0x63, 0x65, 0x2e, 0x4c, 0x69, 0x73, 0x74, 0x50, 0x69, 0x63, 0x74, 0x75, 0x72, 0x65,
	0x54, 0x6f, 0x6f, 0x6c, 0x73, 0x52, 0x65, 0x73, 0x70, 0x6f, 0x6e, 0x73, 0x65, 0x22, 0x2e, 0x82,
	0xd3, 0xe4, 0x93, 0x02, 0x28, 0x3a, 0x01, 0x2a, 0x22, 0x23, 0x2f, 0x76, 0x31, 0x2f, 0x70, 0x69,
	0x63, 0x74, 0x75, 0x72, 0x65, 0x66, 0x6f, 0x72, 0x67, 0x65, 0x2f, 0x6c, 0x69, 0x73, 0x74, 0x5f,
	0x70, 0x69, 0x63, 0x74, 0x75, 0x72, 0x65, 0x5f, 0x74, 0x6f, 0x6f, 0x6c, 0x73, 0x12, 0x89, 0x01,
	0x0a, 0x0e, 0x47, 0x65, 0x74, 0x54, 0x6f, 0x6f, 0x6c, 0x45, 0x6e, 0x68, 0x61, 0x6e, 0x63, 0x65,
	0x12, 0x23, 0x2e, 0x76, 0x61, 0x5f, 0x69, 0x6e, 0x74, 0x65, 0x72, 0x66, 0x61, 0x63, 0x65, 0x2e,
	0x47, 0x65, 0x74, 0x54, 0x6f, 0x6f, 0x6c, 0x45, 0x6e, 0x68, 0x61, 0x6e, 0x63, 0x65, 0x52, 0x65,
	0x71, 0x75, 0x65, 0x73, 0x74, 0x1a, 0x24, 0x2e, 0x76, 0x61, 0x5f, 0x69, 0x6e, 0x74, 0x65, 0x72,
	0x66, 0x61, 0x63, 0x65, 0x2e, 0x47, 0x65, 0x74, 0x54, 0x6f, 0x6f, 0x6c, 0x45, 0x6e, 0x68, 0x61,
	0x6e, 0x63, 0x65, 0x52, 0x65, 0x73, 0x70, 0x6f, 0x6e, 0x73, 0x65, 0x22, 0x2c, 0x82, 0xd3, 0xe4,
	0x93, 0x02, 0x26, 0x3a, 0x01, 0x2a, 0x22, 0x21, 0x2f, 0x76, 0x31, 0x2f, 0x70, 0x69, 0x63, 0x74,
	0x75, 0x72, 0x65, 0x66, 0x6f, 0x72, 0x67, 0x65, 0x2f, 0x67, 0x65, 0x74, 0x5f, 0x74, 0x6f, 0x6f,
	0x6c, 0x5f, 0x65, 0x6e, 0x68, 0x61, 0x6e, 0x63, 0x65, 0x12, 0xaa, 0x01, 0x0a, 0x16, 0x53, 0x75,
	0x62, 0x6d, 0x69, 0x74, 0x50, 0x69, 0x63, 0x74, 0x75, 0x72, 0x65, 0x54, 0x6f, 0x6f, 0x6c, 0x73,
	0x54, 0x61, 0x73, 0x6b, 0x12, 0x2b, 0x2e, 0x76, 0x61, 0x5f, 0x69, 0x6e, 0x74, 0x65, 0x72, 0x66,
	0x61, 0x63, 0x65, 0x2e, 0x53, 0x75, 0x62, 0x6d, 0x69, 0x74, 0x50, 0x69, 0x63, 0x74, 0x75, 0x72,
	0x65, 0x54, 0x6f, 0x6f, 0x6c, 0x73, 0x54, 0x61, 0x73, 0x6b, 0x52, 0x65, 0x71, 0x75, 0x65, 0x73,
	0x74, 0x1a, 0x2c, 0x2e, 0x76, 0x61, 0x5f, 0x69, 0x6e, 0x74, 0x65, 0x72, 0x66, 0x61, 0x63, 0x65,
	0x2e, 0x53, 0x75, 0x62, 0x6d, 0x69, 0x74, 0x50, 0x69, 0x63, 0x74, 0x75, 0x72, 0x65, 0x54, 0x6f,
	0x6f, 0x6c, 0x73, 0x54, 0x61, 0x73, 0x6b, 0x52, 0x65, 0x73, 0x70, 0x6f, 0x6e, 0x73, 0x65, 0x22,
	0x35, 0x82, 0xd3, 0xe4, 0x93, 0x02, 0x2f, 0x3a, 0x01, 0x2a, 0x22, 0x2a, 0x2f, 0x76, 0x31, 0x2f,
	0x70, 0x69, 0x63, 0x74, 0x75, 0x72, 0x65, 0x66, 0x6f, 0x72, 0x67, 0x65, 0x2f, 0x73, 0x75, 0x62,
	0x6d, 0x69, 0x74, 0x5f, 0x70, 0x69, 0x63, 0x74, 0x75, 0x72, 0x65, 0x5f, 0x74, 0x6f, 0x6f, 0x6c,
	0x73, 0x5f, 0x74, 0x61, 0x73, 0x6b, 0x12, 0xbb, 0x01, 0x0a, 0x1a, 0x4c, 0x69, 0x73, 0x74, 0x50,
	0x69, 0x63, 0x74, 0x75, 0x72, 0x65, 0x54, 0x6f, 0x6f, 0x6c, 0x73, 0x54, 0x61, 0x73, 0x6b, 0x52,
	0x65, 0x73, 0x75, 0x6c, 0x74, 0x12, 0x2f, 0x2e, 0x76, 0x61, 0x5f, 0x69, 0x6e, 0x74, 0x65, 0x72,
	0x66, 0x61, 0x63, 0x65, 0x2e, 0x4c, 0x69, 0x73, 0x74, 0x50, 0x69, 0x63, 0x74, 0x75, 0x72, 0x65,
	0x54, 0x6f, 0x6f, 0x6c, 0x73, 0x54, 0x61, 0x73, 0x6b, 0x52, 0x65, 0x73, 0x75, 0x6c, 0x74, 0x52,
	0x65, 0x71, 0x75, 0x65, 0x73, 0x74, 0x1a, 0x30, 0x2e, 0x76, 0x61, 0x5f, 0x69, 0x6e, 0x74, 0x65,
	0x72, 0x66, 0x61, 0x63, 0x65, 0x2e, 0x4c, 0x69, 0x73, 0x74, 0x50, 0x69, 0x63, 0x74, 0x75, 0x72,
	0x65, 0x54, 0x6f, 0x6f, 0x6c, 0x73, 0x54, 0x61, 0x73, 0x6b, 0x52, 0x65, 0x73, 0x75, 0x6c, 0x74,
	0x52, 0x65, 0x73, 0x70, 0x6f, 0x6e, 0x73, 0x65, 0x22, 0x3a, 0x82, 0xd3, 0xe4, 0x93, 0x02, 0x34,
	0x3a, 0x01, 0x2a, 0x22, 0x2f, 0x2f, 0x76, 0x31, 0x2f, 0x70, 0x69, 0x63, 0x74, 0x75, 0x72, 0x65,
	0x66, 0x6f, 0x72, 0x67, 0x65, 0x2f, 0x6c, 0x69, 0x73, 0x74, 0x5f, 0x70, 0x69, 0x63, 0x74, 0x75,
	0x72, 0x65, 0x5f, 0x74, 0x6f, 0x6f, 0x6c, 0x73, 0x5f, 0x74, 0x61, 0x73, 0x6b, 0x5f, 0x72, 0x65,
	0x73, 0x75, 0x6c, 0x74, 0x12, 0xaa, 0x01, 0x0a, 0x16, 0x53, 0x75, 0x62, 0x6d, 0x69, 0x74, 0x50,
	0x69, 0x63, 0x74, 0x75, 0x72, 0x65, 0x54, 0x61, 0x73, 0x6b, 0x43, 0x68, 0x61, 0x69, 0x6e, 0x12,
	0x2b, 0x2e, 0x76, 0x61, 0x5f, 0x69, 0x6e, 0x74, 0x65, 0x72, 0x66, 0x61, 0x63, 0x65, 0x2e, 0x53,
	0x75, 0x62, 0x6d, 0x69, 0x74, 0x50, 0x69, 0x63, 0x74, 0x75, 0x72, 0x65, 0x54, 0x61, 0x73, 0x6b,
	0x43, 0x68, 0x61, 0x69, 0x6e, 0x52, 0x65, 0x71, 0x75, 0x65, 0x73, 0x74, 0x1a, 0x2c, 0x2e, 0x76,
	0x61, 0x5f, 0x69, 0x6e, 0x74, 0x65, 0x72, 0x66, 0x61, 0x63, 0x65, 0x2e, 0x53, 0x75, 0x62, 0x6d,
	0x69, 0x74, 0x50, 0x69, 0x63, 0x74, 0x75, 0x72, 0x65, 0x54, 0x61, 0x73, 0x6b, 0x43, 0x68, 0x61,
	0x69, 0x6e, 0x52, 0x65, 0x73, 0x70, 0x6f, 0x6e, 0x73, 0x65, 0x22, 0x35, 0x82, 0xd3, 0xe4, 0x93,
	0x02, 0x2f, 0x3a, 0x01, 0x2a, 0x22, 0x2a, 0x2f, 0x76, 0x31, 0x2f, 0x70, 0x69, 0x63, 0x74, 0x75,
	0x72, 0x65, 0x66, 0x6f, 0x72, 0x67, 0x65, 0x2f, 0x73, 0x75, 0x62, 0x6d, 0x69, 0x74, 0x5f, 0x70,
	0x69, 0x63, 0x74, 0x75, 0x72, 0x65, 0x5f, 0x74, 0x61, 0x73, 0x6b, 0x5f, 0x63, 0x68, 0x61, 0x69,
	0x6e, 0x12, 0x91, 0x01, 0x0a, 0x10, 0x47, 0x65, 0x74, 0x54, 0x6f, 0x6f, 0x6c, 0x52, 0x65, 0x63,
	0x6f, 0x6d, 0x6d, 0x65, 0x6e, 0x64, 0x12, 0x25, 0x2e, 0x76, 0x61, 0x5f, 0x69, 0x6e, 0x74, 0x65,
	0x72, 0x66, 0x61, 0x63, 0x65, 0x2e, 0x47, 0x65, 0x74, 0x54, 0x6f, 0x6f, 0x6c, 0x52, 0x65, 0x63,
	0x6f, 0x6d, 0x6d, 0x65, 0x6e, 0x64, 0x52, 0x65, 0x71, 0x75, 0x65, 0x73, 0x74, 0x1a, 0x26, 0x2e,
	0x76, 0x61, 0x5f, 0x69, 0x6e, 0x74, 0x65, 0x72, 0x66, 0x61, 0x63, 0x65, 0x2e, 0x47, 0x65, 0x74,
	0x54, 0x6f, 0x6f, 0x6c, 0x52, 0x65, 0x63, 0x6f, 0x6d, 0x6d, 0x65, 0x6e, 0x64, 0x52, 0x65, 0x73,
	0x70, 0x6f, 0x6e, 0x73, 0x65, 0x22, 0x2e, 0x82, 0xd3, 0xe4, 0x93, 0x02, 0x28, 0x3a, 0x01, 0x2a,
	0x22, 0x23, 0x2f, 0x76, 0x31, 0x2f, 0x70, 0x69, 0x63, 0x74, 0x75, 0x72, 0x65, 0x66, 0x6f, 0x72,
	0x67, 0x65, 0x2f, 0x67, 0x65, 0x74, 0x5f, 0x74, 0x6f, 0x6f, 0x6c, 0x5f, 0x72, 0x65, 0x63, 0x6f,
	0x6d, 0x6d, 0x65, 0x6e, 0x64, 0x12, 0xa1, 0x01, 0x0a, 0x14, 0x47, 0x65, 0x74, 0x57, 0x6f, 0x72,
	0x6b, 0x66, 0x6c, 0x6f, 0x77, 0x52, 0x65, 0x63, 0x6f, 0x6d, 0x6d, 0x65, 0x6e, 0x64, 0x12, 0x29,
	0x2e, 0x76, 0x61, 0x5f, 0x69, 0x6e, 0x74, 0x65, 0x72, 0x66, 0x61, 0x63, 0x65, 0x2e, 0x47, 0x65,
	0x74, 0x57, 0x6f, 0x72, 0x6b, 0x66, 0x6c, 0x6f, 0x77, 0x52, 0x65, 0x63, 0x6f, 0x6d, 0x6d, 0x65,
	0x6e, 0x64, 0x52, 0x65, 0x71, 0x75, 0x65, 0x73, 0x74, 0x1a, 0x2a, 0x2e, 0x76, 0x61, 0x5f, 0x69,
	0x6e, 0x74, 0x65, 0x72, 0x66, 0x61, 0x63, 0x65, 0x2e, 0x47, 0x65, 0x74, 0x57, 0x6f, 0x72, 0x6b,
	0x66, 0x6c, 0x6f, 0x77, 0x52, 0x65, 0x63, 0x6f, 0x6d, 0x6d, 0x65, 0x6e, 0x64, 0x52, 0x65, 0x73,
	0x70, 0x6f, 0x6e, 0x73, 0x65, 0x22, 0x32, 0x82, 0xd3, 0xe4, 0x93, 0x02, 0x2c, 0x3a, 0x01, 0x2a,
	0x22, 0x27, 0x2f, 0x76, 0x31, 0x2f, 0x70, 0x69, 0x63, 0x74, 0x75, 0x72, 0x65, 0x66, 0x6f, 0x72,
	0x67, 0x65, 0x2f, 0x67, 0x65, 0x74, 0x5f, 0x77, 0x6f, 0x72, 0x6b, 0x66, 0x6c, 0x6f, 0x77, 0x5f,
	0x72, 0x65, 0x63, 0x6f, 0x6d, 0x6d, 0x65, 0x6e, 0x64, 0x12, 0x85, 0x01, 0x0a, 0x0d, 0x47, 0x65,
	0x74, 0x42, 0x61, 0x6e, 0x6e, 0x65, 0x72, 0x4c, 0x69, 0x73, 0x74, 0x12, 0x22, 0x2e, 0x76, 0x61,
	0x5f, 0x69, 0x6e, 0x74, 0x65, 0x72, 0x66, 0x61, 0x63, 0x65, 0x2e, 0x47, 0x65, 0x74, 0x42, 0x61,
	0x6e, 0x6e, 0x65, 0x72, 0x4c, 0x69, 0x73, 0x74, 0x52, 0x65, 0x71, 0x75, 0x65, 0x73, 0x74, 0x1a,
	0x23, 0x2e, 0x76, 0x61, 0x5f, 0x69, 0x6e, 0x74, 0x65, 0x72, 0x66, 0x61, 0x63, 0x65, 0x2e, 0x47,
	0x65, 0x74, 0x42, 0x61, 0x6e, 0x6e, 0x65, 0x72, 0x4c, 0x69, 0x73, 0x74, 0x52, 0x65, 0x73, 0x70,
	0x6f, 0x6e, 0x73, 0x65, 0x22, 0x2b, 0x82, 0xd3, 0xe4, 0x93, 0x02, 0x25, 0x3a, 0x01, 0x2a, 0x22,
	0x20, 0x2f, 0x76, 0x31, 0x2f, 0x70, 0x69, 0x63, 0x74, 0x75, 0x72, 0x65, 0x66, 0x6f, 0x72, 0x67,
	0x65, 0x2f, 0x67, 0x65, 0x74, 0x5f, 0x62, 0x61, 0x6e, 0x6e, 0x65, 0x72, 0x5f, 0x6c, 0x69, 0x73,
	0x74, 0x12, 0x7c, 0x0a, 0x0b, 0x43, 0x6c, 0x69, 0x63, 0x6b, 0x42, 0x61, 0x6e, 0x6e, 0x65, 0x72,
	0x12, 0x20, 0x2e, 0x76, 0x61, 0x5f, 0x69, 0x6e, 0x74, 0x65, 0x72, 0x66, 0x61, 0x63, 0x65, 0x2e,
	0x43, 0x6c, 0x69, 0x63, 0x6b, 0x42, 0x61, 0x6e, 0x6e, 0x65, 0x72, 0x52, 0x65, 0x71, 0x75, 0x65,
	0x73, 0x74, 0x1a, 0x21, 0x2e, 0x76, 0x61, 0x5f, 0x69, 0x6e, 0x74, 0x65, 0x72, 0x66, 0x61, 0x63,
	0x65, 0x2e, 0x43, 0x6c, 0x69, 0x63, 0x6b, 0x42, 0x61, 0x6e, 0x6e, 0x65, 0x72, 0x52, 0x65, 0x73,
	0x70, 0x6f, 0x6e, 0x73, 0x65, 0x22, 0x28, 0x82, 0xd3, 0xe4, 0x93, 0x02, 0x22, 0x3a, 0x01, 0x2a,
	0x22, 0x1d, 0x2f, 0x76, 0x31, 0x2f, 0x70, 0x69, 0x63, 0x74, 0x75, 0x72, 0x65, 0x66, 0x6f, 0x72,
	0x67, 0x65, 0x2f, 0x63, 0x6c, 0x69, 0x63, 0x6b, 0x5f, 0x62, 0x61, 0x6e, 0x6e, 0x65, 0x72, 0x12,
	0xb6, 0x01, 0x0a, 0x19, 0x4c, 0x69, 0x73, 0x74, 0x49, 0x6d, 0x61, 0x67, 0x65, 0x47, 0x65, 0x6e,
	0x65, 0x72, 0x61, 0x74, 0x69, 0x6f, 0x6e, 0x4d, 0x6f, 0x64, 0x65, 0x6c, 0x73, 0x12, 0x2e, 0x2e,
	0x76, 0x61, 0x5f, 0x69, 0x6e, 0x74, 0x65, 0x72, 0x66, 0x61, 0x63, 0x65, 0x2e, 0x4c, 0x69, 0x73,
	0x74, 0x49, 0x6d, 0x61, 0x67, 0x65, 0x47, 0x65, 0x6e, 0x65, 0x72, 0x61, 0x74, 0x69, 0x6f, 0x6e,
	0x4d, 0x6f, 0x64, 0x65, 0x6c, 0x73, 0x52, 0x65, 0x71, 0x75, 0x65, 0x73, 0x74, 0x1a, 0x2f, 0x2e,
	0x76, 0x61, 0x5f, 0x69, 0x6e, 0x74, 0x65, 0x72, 0x66, 0x61, 0x63, 0x65, 0x2e, 0x4c, 0x69, 0x73,
	0x74, 0x49, 0x6d, 0x61, 0x67, 0x65, 0x47, 0x65, 0x6e, 0x65, 0x72, 0x61, 0x74, 0x69, 0x6f, 0x6e,
	0x4d, 0x6f, 0x64, 0x65, 0x6c, 0x73, 0x52, 0x65, 0x73, 0x70, 0x6f, 0x6e, 0x73, 0x65, 0x22, 0x38,
	0x82, 0xd3, 0xe4, 0x93, 0x02, 0x32, 0x3a, 0x01, 0x2a, 0x22, 0x2d, 0x2f, 0x76, 0x31, 0x2f, 0x70,
	0x69, 0x63, 0x74, 0x75, 0x72, 0x65, 0x66, 0x6f, 0x72, 0x67, 0x65, 0x2f, 0x6c, 0x69, 0x73, 0x74,
	0x5f, 0x69, 0x6d, 0x61, 0x67, 0x65, 0x5f, 0x67, 0x65, 0x6e, 0x65, 0x72, 0x61, 0x74, 0x69, 0x6f,
	0x6e, 0x5f, 0x6d, 0x6f, 0x64, 0x65, 0x6c, 0x73, 0x32, 0xc5, 0x0f, 0x0a, 0x0b, 0x41, 0x75, 0x74,
	0x68, 0x53, 0x65, 0x72, 0x76, 0x69, 0x63, 0x65, 0x12, 0x6a, 0x0a, 0x0a, 0x47, 0x75, 0x65, 0x73,
	0x74, 0x4c, 0x6f, 0x67, 0x69, 0x6e, 0x12, 0x1f, 0x2e, 0x76, 0x61, 0x5f, 0x69, 0x6e, 0x74, 0x65,
	0x72, 0x66, 0x61, 0x63, 0x65, 0x2e, 0x47, 0x75, 0x65, 0x73, 0x74, 0x4c, 0x6f, 0x67, 0x69, 0x6e,
	0x52, 0x65, 0x71, 0x75, 0x65, 0x73, 0x74, 0x1a, 0x1a, 0x2e, 0x76, 0x61, 0x5f, 0x69, 0x6e, 0x74,
	0x65, 0x72, 0x66, 0x61, 0x63, 0x65, 0x2e, 0x41, 0x75, 0x74, 0x68, 0x52, 0x65, 0x73, 0x70, 0x6f,
	0x6e, 0x73, 0x65, 0x22, 0x1f, 0x82, 0xd3, 0xe4, 0x93, 0x02, 0x19, 0x3a, 0x01, 0x2a, 0x22, 0x14,
	0x2f, 0x76, 0x31, 0x2f, 0x61, 0x75, 0x74, 0x68, 0x2f, 0x67, 0x75, 0x65, 0x73, 0x74, 0x5f, 0x6c,
	0x6f, 0x67, 0x69, 0x6e, 0x12, 0x8e, 0x01, 0x0a, 0x13, 0x53, 0x65, 0x6e, 0x64, 0x50, 0x68, 0x6f,
	0x6e, 0x65, 0x56, 0x65, 0x72, 0x69, 0x66, 0x79, 0x43, 0x6f, 0x64, 0x65, 0x12, 0x24, 0x2e, 0x76,
	0x61, 0x5f, 0x69, 0x6e, 0x74, 0x65, 0x72, 0x66, 0x61, 0x63, 0x65, 0x2e, 0x50, 0x68, 0x6f, 0x6e,
	0x65, 0x56, 0x65, 0x72, 0x69, 0x66, 0x79, 0x43, 0x6f, 0x64, 0x65, 0x52, 0x65, 0x71, 0x75, 0x65,
	0x73, 0x74, 0x1a, 0x25, 0x2e, 0x76, 0x61, 0x5f, 0x69, 0x6e, 0x74, 0x65, 0x72, 0x66, 0x61, 0x63,
	0x65, 0x2e, 0x50, 0x68, 0x6f, 0x6e, 0x65, 0x56, 0x65, 0x72, 0x69, 0x66, 0x79, 0x43, 0x6f, 0x64,
	0x65, 0x52, 0x65, 0x73, 0x70, 0x6f, 0x6e, 0x73, 0x65, 0x22, 0x2a, 0x82, 0xd3, 0xe4, 0x93, 0x02,
	0x24, 0x3a, 0x01, 0x2a, 0x22, 0x1f, 0x2f, 0x76, 0x31, 0x2f, 0x61, 0x75, 0x74, 0x68, 0x2f, 0x73,
	0x65, 0x6e, 0x64, 0x5f, 0x70, 0x68, 0x6f, 0x6e, 0x65, 0x5f, 0x76, 0x65, 0x72, 0x69, 0x66, 0x79,
	0x5f, 0x63, 0x6f, 0x64, 0x65, 0x12, 0x67, 0x0a, 0x09, 0x50, 0x68, 0x6f, 0x6e, 0x65, 0x41, 0x75,
	0x74, 0x68, 0x12, 0x1e, 0x2e, 0x76, 0x61, 0x5f, 0x69, 0x6e, 0x74, 0x65, 0x72, 0x66, 0x61, 0x63,
	0x65, 0x2e, 0x50, 0x68, 0x6f, 0x6e, 0x65, 0x41, 0x75, 0x74, 0x68, 0x52, 0x65, 0x71, 0x75, 0x65,
	0x73, 0x74, 0x1a, 0x1a, 0x2e, 0x76, 0x61, 0x5f, 0x69, 0x6e, 0x74, 0x65, 0x72, 0x66, 0x61, 0x63,
	0x65, 0x2e, 0x41, 0x75, 0x74, 0x68, 0x52, 0x65, 0x73, 0x70, 0x6f, 0x6e, 0x73, 0x65, 0x22, 0x1e,
	0x82, 0xd3, 0xe4, 0x93, 0x02, 0x18, 0x3a, 0x01, 0x2a, 0x22, 0x13, 0x2f, 0x76, 0x31, 0x2f, 0x61,
	0x75, 0x74, 0x68, 0x2f, 0x70, 0x68, 0x6f, 0x6e, 0x65, 0x5f, 0x61, 0x75, 0x74, 0x68, 0x12, 0x67,
	0x0a, 0x09, 0x41, 0x70, 0x70, 0x6c, 0x65, 0x41, 0x75, 0x74, 0x68, 0x12, 0x1e, 0x2e, 0x76, 0x61,
	0x5f, 0x69, 0x6e, 0x74, 0x65, 0x72, 0x66, 0x61, 0x63, 0x65, 0x2e, 0x41, 0x70, 0x70, 0x6c, 0x65,
	0x41, 0x75, 0x74, 0x68, 0x52, 0x65, 0x71, 0x75, 0x65, 0x73, 0x74, 0x1a, 0x1a, 0x2e, 0x76, 0x61,
	0x5f, 0x69, 0x6e, 0x74, 0x65, 0x72, 0x66, 0x61, 0x63, 0x65, 0x2e, 0x41, 0x75, 0x74, 0x68, 0x52,
	0x65, 0x73, 0x70, 0x6f, 0x6e, 0x73, 0x65, 0x22, 0x1e, 0x82, 0xd3, 0xe4, 0x93, 0x02, 0x18, 0x3a,
	0x01, 0x2a, 0x22, 0x13, 0x2f, 0x76, 0x31, 0x2f, 0x61, 0x75, 0x74, 0x68, 0x2f, 0x61, 0x70, 0x70,
	0x6c, 0x65, 0x5f, 0x61, 0x75, 0x74, 0x68, 0x12, 0x6a, 0x0a, 0x0a, 0x47, 0x6f, 0x6f, 0x67, 0x6c,
	0x65, 0x41, 0x75, 0x74, 0x68, 0x12, 0x1f, 0x2e, 0x76, 0x61, 0x5f, 0x69, 0x6e, 0x74, 0x65, 0x72,
	0x66, 0x61, 0x63, 0x65, 0x2e, 0x47, 0x6f, 0x6f, 0x67, 0x6c, 0x65, 0x41, 0x75, 0x74, 0x68, 0x52,
	0x65, 0x71, 0x75, 0x65, 0x73, 0x74, 0x1a, 0x1a, 0x2e, 0x76, 0x61, 0x5f, 0x69, 0x6e, 0x74, 0x65,
	0x72, 0x66, 0x61, 0x63, 0x65, 0x2e, 0x41, 0x75, 0x74, 0x68, 0x52, 0x65, 0x73, 0x70, 0x6f, 0x6e,
	0x73, 0x65, 0x22, 0x1f, 0x82, 0xd3, 0xe4, 0x93, 0x02, 0x19, 0x3a, 0x01, 0x2a, 0x22, 0x14, 0x2f,
	0x76, 0x31, 0x2f, 0x61, 0x75, 0x74, 0x68, 0x2f, 0x67, 0x6f, 0x6f, 0x67, 0x6c, 0x65, 0x5f, 0x61,
	0x75, 0x74, 0x68, 0x12, 0x6a, 0x0a, 0x0a, 0x57, 0x65, 0x43, 0x68, 0x61, 0x74, 0x41, 0x75, 0x74,
	0x68, 0x12, 0x1f, 0x2e, 0x76, 0x61, 0x5f, 0x69, 0x6e, 0x74, 0x65, 0x72, 0x66, 0x61, 0x63, 0x65,
	0x2e, 0x57, 0x65, 0x43, 0x68, 0x61, 0x74, 0x41, 0x75, 0x74, 0x68, 0x52, 0x65, 0x71, 0x75, 0x65,
	0x73, 0x74, 0x1a, 0x1a, 0x2e, 0x76, 0x61, 0x5f, 0x69, 0x6e, 0x74, 0x65, 0x72, 0x66, 0x61, 0x63,
	0x65, 0x2e, 0x41, 0x75, 0x74, 0x68, 0x52, 0x65, 0x73, 0x70, 0x6f, 0x6e, 0x73, 0x65, 0x22, 0x1f,
	0x82, 0xd3, 0xe4, 0x93, 0x02, 0x19, 0x3a, 0x01, 0x2a, 0x22, 0x14, 0x2f, 0x76, 0x31, 0x2f, 0x61,
	0x75, 0x74, 0x68, 0x2f, 0x77, 0x65, 0x63, 0x68, 0x61, 0x74, 0x5f, 0x61, 0x75, 0x74, 0x68, 0x12,
	0x87, 0x01, 0x0a, 0x12, 0x57, 0x65, 0x43, 0x68, 0x61, 0x74, 0x43, 0x68, 0x65, 0x63, 0x6b, 0x53,
	0x65, 0x73, 0x73, 0x69, 0x6f, 0x6e, 0x12, 0x22, 0x2e, 0x76, 0x61, 0x5f, 0x69, 0x6e, 0x74, 0x65,
	0x72, 0x66, 0x61, 0x63, 0x65, 0x2e, 0x57, 0x65, 0x43, 0x68, 0x61, 0x74, 0x53, 0x65, 0x73, 0x73,
	0x69, 0x6f, 0x6e, 0x52, 0x65, 0x71, 0x75, 0x65, 0x73, 0x74, 0x1a, 0x23, 0x2e, 0x76, 0x61, 0x5f,
	0x69, 0x6e, 0x74, 0x65, 0x72, 0x66, 0x61, 0x63, 0x65, 0x2e, 0x57, 0x65, 0x43, 0x68, 0x61, 0x74,
	0x53, 0x65, 0x73, 0x73, 0x69, 0x6f, 0x6e, 0x52, 0x65, 0x73, 0x70, 0x6f, 0x6e, 0x73, 0x65, 0x22,
	0x28, 0x82, 0xd3, 0xe4, 0x93, 0x02, 0x22, 0x3a, 0x01, 0x2a, 0x22, 0x1d, 0x2f, 0x76, 0x31, 0x2f,
	0x61, 0x75, 0x74, 0x68, 0x2f, 0x77, 0x65, 0x63, 0x68, 0x61, 0x74, 0x5f, 0x63, 0x68, 0x65, 0x63,
	0x6b, 0x5f, 0x73, 0x65, 0x73, 0x73, 0x69, 0x6f, 0x6e, 0x12, 0x87, 0x01, 0x0a, 0x12, 0x57, 0x65,
	0x43, 0x68, 0x61, 0x74, 0x52, 0x65, 0x73, 0x65, 0x74, 0x53, 0x65, 0x73, 0x73, 0x69, 0x6f, 0x6e,
	0x12, 0x22, 0x2e, 0x76, 0x61, 0x5f, 0x69, 0x6e, 0x74, 0x65, 0x72, 0x66, 0x61, 0x63, 0x65, 0x2e,
	0x57, 0x65, 0x43, 0x68, 0x61, 0x74, 0x53, 0x65, 0x73, 0x73, 0x69, 0x6f, 0x6e, 0x52, 0x65, 0x71,
	0x75, 0x65, 0x73, 0x74, 0x1a, 0x23, 0x2e, 0x76, 0x61, 0x5f, 0x69, 0x6e, 0x74, 0x65, 0x72, 0x66,
	0x61, 0x63, 0x65, 0x2e, 0x57, 0x65, 0x43, 0x68, 0x61, 0x74, 0x53, 0x65, 0x73, 0x73, 0x69, 0x6f,
	0x6e, 0x52, 0x65, 0x73, 0x70, 0x6f, 0x6e, 0x73, 0x65, 0x22, 0x28, 0x82, 0xd3, 0xe4, 0x93, 0x02,
	0x22, 0x3a, 0x01, 0x2a, 0x22, 0x1d, 0x2f, 0x76, 0x31, 0x2f, 0x61, 0x75, 0x74, 0x68, 0x2f, 0x77,
	0x65, 0x63, 0x68, 0x61, 0x74, 0x5f, 0x72, 0x65, 0x73, 0x65, 0x74, 0x5f, 0x73, 0x65, 0x73, 0x73,
	0x69, 0x6f, 0x6e, 0x12, 0x8e, 0x01, 0x0a, 0x13, 0x53, 0x65, 0x6e, 0x64, 0x45, 0x6d, 0x61, 0x69,
	0x6c, 0x56, 0x65, 0x72, 0x69, 0x66, 0x79, 0x43, 0x6f, 0x64, 0x65, 0x12, 0x24, 0x2e, 0x76, 0x61,
	0x5f, 0x69, 0x6e, 0x74, 0x65, 0x72, 0x66, 0x61, 0x63, 0x65, 0x2e, 0x45, 0x6d, 0x61, 0x69, 0x6c,
	0x56, 0x65, 0x72, 0x69, 0x66, 0x79, 0x43, 0x6f, 0x64, 0x65, 0x52, 0x65, 0x71, 0x75, 0x65, 0x73,
	0x74, 0x1a, 0x25, 0x2e, 0x76, 0x61, 0x5f, 0x69, 0x6e, 0x74, 0x65, 0x72, 0x66, 0x61, 0x63, 0x65,
	0x2e, 0x45, 0x6d, 0x61, 0x69, 0x6c, 0x56, 0x65, 0x72, 0x69, 0x66, 0x79, 0x43, 0x6f, 0x64, 0x65,
	0x52, 0x65, 0x73, 0x70, 0x6f, 0x6e, 0x73, 0x65, 0x22, 0x2a, 0x82, 0xd3, 0xe4, 0x93, 0x02, 0x24,
	0x3a, 0x01, 0x2a, 0x22, 0x1f, 0x2f, 0x76, 0x31, 0x2f, 0x61, 0x75, 0x74, 0x68, 0x2f, 0x73, 0x65,
	0x6e, 0x64, 0x5f, 0x65, 0x6d, 0x61, 0x69, 0x6c, 0x5f, 0x76, 0x65, 0x72, 0x69, 0x66, 0x79, 0x5f,
	0x63, 0x6f, 0x64, 0x65, 0x12, 0x67, 0x0a, 0x09, 0x45, 0x6d, 0x61, 0x69, 0x6c, 0x41, 0x75, 0x74,
	0x68, 0x12, 0x1e, 0x2e, 0x76, 0x61, 0x5f, 0x69, 0x6e, 0x74, 0x65, 0x72, 0x66, 0x61, 0x63, 0x65,
	0x2e, 0x45, 0x6d, 0x61, 0x69, 0x6c, 0x41, 0x75, 0x74, 0x68, 0x52, 0x65, 0x71, 0x75, 0x65, 0x73,
	0x74, 0x1a, 0x1a, 0x2e, 0x76, 0x61, 0x5f, 0x69, 0x6e, 0x74, 0x65, 0x72, 0x66, 0x61, 0x63, 0x65,
	0x2e, 0x41, 0x75, 0x74, 0x68, 0x52, 0x65, 0x73, 0x70, 0x6f, 0x6e, 0x73, 0x65, 0x22, 0x1e, 0x82,
	0xd3, 0xe4, 0x93, 0x02, 0x18, 0x3a, 0x01, 0x2a, 0x22, 0x13, 0x2f, 0x76, 0x31, 0x2f, 0x61, 0x75,
	0x74, 0x68, 0x2f, 0x65, 0x6d, 0x61, 0x69, 0x6c, 0x5f, 0x61, 0x75, 0x74, 0x68, 0x12, 0x80, 0x01,
	0x0a, 0x11, 0x45, 0x6d, 0x61, 0x69, 0x6c, 0x50, 0x61, 0x73, 0x73, 0x77, 0x6f, 0x72, 0x64, 0x41,
	0x75, 0x74, 0x68, 0x12, 0x26, 0x2e, 0x76, 0x61, 0x5f, 0x69, 0x6e, 0x74, 0x65, 0x72, 0x66, 0x61,
	0x63, 0x65, 0x2e, 0x45, 0x6d, 0x61, 0x69, 0x6c, 0x50, 0x61, 0x73, 0x73, 0x77, 0x6f, 0x72, 0x64,
	0x41, 0x75, 0x74, 0x68, 0x52, 0x65, 0x71, 0x75, 0x65, 0x73, 0x74, 0x1a, 0x1a, 0x2e, 0x76, 0x61,
	0x5f, 0x69, 0x6e, 0x74, 0x65, 0x72, 0x66, 0x61, 0x63, 0x65, 0x2e, 0x41, 0x75, 0x74, 0x68, 0x52,
	0x65, 0x73, 0x70, 0x6f, 0x6e, 0x73, 0x65, 0x22, 0x27, 0x82, 0xd3, 0xe4, 0x93, 0x02, 0x21, 0x3a,
	0x01, 0x2a, 0x22, 0x1c, 0x2f, 0x76, 0x31, 0x2f, 0x61, 0x75, 0x74, 0x68, 0x2f, 0x65, 0x6d, 0x61,
	0x69, 0x6c, 0x5f, 0x70, 0x61, 0x73, 0x73, 0x77, 0x6f, 0x72, 0x64, 0x5f, 0x61, 0x75, 0x74, 0x68,
	0x12, 0x7c, 0x0a, 0x0d, 0x45, 0x6d, 0x61, 0x69, 0x6c, 0x52, 0x65, 0x67, 0x69, 0x73, 0x74, 0x65,
	0x72, 0x12, 0x22, 0x2e, 0x76, 0x61, 0x5f, 0x69, 0x6e, 0x74, 0x65, 0x72, 0x66, 0x61, 0x63, 0x65,
	0x2e, 0x45, 0x6d, 0x61, 0x69, 0x6c, 0x52, 0x65, 0x67, 0x69, 0x73, 0x74, 0x65, 0x72, 0x52, 0x65,
	0x71, 0x75, 0x65, 0x73, 0x74, 0x1a, 0x23, 0x2e, 0x76, 0x61, 0x5f, 0x69, 0x6e, 0x74, 0x65, 0x72,
	0x66, 0x61, 0x63, 0x65, 0x2e, 0x45, 0x6d, 0x61, 0x69, 0x6c, 0x52, 0x65, 0x67, 0x69, 0x73, 0x74,
	0x65, 0x72, 0x52, 0x65, 0x73, 0x70, 0x6f, 0x6e, 0x73, 0x65, 0x22, 0x22, 0x82, 0xd3, 0xe4, 0x93,
	0x02, 0x1c, 0x3a, 0x01, 0x2a, 0x22, 0x17, 0x2f, 0x76, 0x31, 0x2f, 0x61, 0x75, 0x74, 0x68, 0x2f,
	0x65, 0x6d, 0x61, 0x69, 0x6c, 0x5f, 0x72, 0x65, 0x67, 0x69, 0x73, 0x74, 0x65, 0x72, 0x12, 0x9e,
	0x01, 0x0a, 0x15, 0x53, 0x65, 0x6e, 0x64, 0x50, 0x61, 0x73, 0x73, 0x77, 0x6f, 0x72, 0x64, 0x52,
	0x65, 0x73, 0x65, 0x74, 0x43, 0x6f, 0x64, 0x65, 0x12, 0x2a, 0x2e, 0x76, 0x61, 0x5f, 0x69, 0x6e,
	0x74, 0x65, 0x72, 0x66, 0x61, 0x63, 0x65, 0x2e, 0x53, 0x65, 0x6e, 0x64, 0x50, 0x61, 0x73, 0x73,
	0x77, 0x6f, 0x72, 0x64, 0x52, 0x65, 0x73, 0x65, 0x74, 0x43, 0x6f, 0x64, 0x65, 0x52, 0x65, 0x71,
	0x75, 0x65, 0x73, 0x74, 0x1a, 0x2b, 0x2e, 0x76, 0x61, 0x5f, 0x69, 0x6e, 0x74, 0x65, 0x72, 0x66,
	0x61, 0x63, 0x65, 0x2e, 0x53, 0x65, 0x6e, 0x64, 0x50, 0x61, 0x73, 0x73, 0x77, 0x6f, 0x72, 0x64,
	0x52, 0x65, 0x73, 0x65, 0x74, 0x43, 0x6f, 0x64, 0x65, 0x52, 0x65, 0x73, 0x70, 0x6f, 0x6e, 0x73,
	0x65, 0x22, 0x2c, 0x82, 0xd3, 0xe4, 0x93, 0x02, 0x26, 0x3a, 0x01, 0x2a, 0x22, 0x21, 0x2f, 0x76,
	0x31, 0x2f, 0x61, 0x75, 0x74, 0x68, 0x2f, 0x73, 0x65, 0x6e, 0x64, 0x5f, 0x70, 0x61, 0x73, 0x73,
	0x77, 0x6f, 0x72, 0x64, 0x5f, 0x72, 0x65, 0x73, 0x65, 0x74, 0x5f, 0x63, 0x6f, 0x64, 0x65, 0x12,
	0x7c, 0x0a, 0x0d, 0x52, 0x65, 0x73, 0x65, 0x74, 0x50, 0x61, 0x73, 0x73, 0x77, 0x6f, 0x72, 0x64,
	0x12, 0x22, 0x2e, 0x76, 0x61, 0x5f, 0x69, 0x6e, 0x74, 0x65, 0x72, 0x66, 0x61, 0x63, 0x65, 0x2e,
	0x52, 0x65, 0x73, 0x65, 0x74, 0x50, 0x61, 0x73, 0x73, 0x77, 0x6f, 0x72, 0x64, 0x52, 0x65, 0x71,
	0x75, 0x65, 0x73, 0x74, 0x1a, 0x23, 0x2e, 0x76, 0x61, 0x5f, 0x69, 0x6e, 0x74, 0x65, 0x72, 0x66,
	0x61, 0x63, 0x65, 0x2e, 0x52, 0x65, 0x73, 0x65, 0x74, 0x50, 0x61, 0x73, 0x73, 0x77, 0x6f, 0x72,
	0x64, 0x52, 0x65, 0x73, 0x70, 0x6f, 0x6e, 0x73, 0x65, 0x22, 0x22, 0x82, 0xd3, 0xe4, 0x93, 0x02,
	0x1c, 0x3a, 0x01, 0x2a, 0x22, 0x17, 0x2f, 0x76, 0x31, 0x2f, 0x61, 0x75, 0x74, 0x68, 0x2f, 0x72,
	0x65, 0x73, 0x65, 0x74, 0x5f, 0x70, 0x61, 0x73, 0x73, 0x77, 0x6f, 0x72, 0x64, 0x12, 0x78, 0x0a,
	0x0c, 0x52, 0x65, 0x66, 0x72, 0x65, 0x73, 0x68, 0x54, 0x6f, 0x6b, 0x65, 0x6e, 0x12, 0x21, 0x2e,
	0x76, 0x61, 0x5f, 0x69, 0x6e, 0x74, 0x65, 0x72, 0x66, 0x61, 0x63, 0x65, 0x2e, 0x54, 0x6f, 0x6b,
	0x65, 0x6e, 0x52, 0x65, 0x66, 0x72, 0x65, 0x73, 0x68, 0x52, 0x65, 0x71, 0x75, 0x65, 0x73, 0x74,
	0x1a, 0x22, 0x2e, 0x76, 0x61, 0x5f, 0x69, 0x6e, 0x74, 0x65, 0x72, 0x66, 0x61, 0x63, 0x65, 0x2e,
	0x54, 0x6f, 0x6b, 0x65, 0x6e, 0x52, 0x65, 0x66, 0x72, 0x65, 0x73, 0x68, 0x52, 0x65, 0x73, 0x70,
	0x6f, 0x6e, 0x73, 0x65, 0x22, 0x21, 0x82, 0xd3, 0xe4, 0x93, 0x02, 0x1b, 0x3a, 0x01, 0x2a, 0x22,
	0x16, 0x2f, 0x76, 0x31, 0x2f, 0x61, 0x75, 0x74, 0x68, 0x2f, 0x72, 0x65, 0x66, 0x72, 0x65, 0x73,
	0x68, 0x5f, 0x74, 0x6f, 0x6b, 0x65, 0x6e, 0x12, 0x67, 0x0a, 0x06, 0x4c, 0x6f, 0x67, 0x6f, 0x75,
	0x74, 0x12, 0x1f, 0x2e, 0x76, 0x61, 0x5f, 0x69, 0x6e, 0x74, 0x65, 0x72, 0x66, 0x61, 0x63, 0x65,
	0x2e, 0x41, 0x75, 0x74, 0x68, 0x4c, 0x6f, 0x67, 0x6f, 0x75, 0x74, 0x52, 0x65, 0x71, 0x75, 0x65,
	0x73, 0x74, 0x1a, 0x20, 0x2e, 0x76, 0x61, 0x5f, 0x69, 0x6e, 0x74, 0x65, 0x72, 0x66, 0x61, 0x63,
	0x65, 0x2e, 0x41, 0x75, 0x74, 0x68, 0x4c, 0x6f, 0x67, 0x6f, 0x75, 0x74, 0x52, 0x65, 0x73, 0x70,
	0x6f, 0x6e, 0x73, 0x65, 0x22, 0x1a, 0x82, 0xd3, 0xe4, 0x93, 0x02, 0x14, 0x3a, 0x01, 0x2a, 0x22,
	0x0f, 0x2f, 0x76, 0x31, 0x2f, 0x61, 0x75, 0x74, 0x68, 0x2f, 0x6c, 0x6f, 0x67, 0x6f, 0x75, 0x74,
	0x42, 0x2a, 0x5a, 0x28, 0x76, 0x61, 0x5f, 0x76, 0x69, 0x73, 0x69, 0x6f, 0x6e, 0x61, 0x69, 0x5f,
	0x73, 0x65, 0x72, 0x76, 0x65, 0x72, 0x2f, 0x69, 0x6e, 0x74, 0x65, 0x72, 0x6e, 0x61, 0x6c, 0x2f,
	0x76, 0x61, 0x5f, 0x69, 0x6e, 0x74, 0x65, 0x72, 0x66, 0x61, 0x63, 0x65, 0x62, 0x06, 0x70, 0x72,
	0x6f, 0x74, 0x6f, 0x33,
})

var file_service_proto_goTypes = []any{
	(*ConfigurationRequest)(nil),                // 0: va_interface.ConfigurationRequest
	(*FeedbackConfigRequest)(nil),               // 1: va_interface.FeedbackConfigRequest
	(*EmotionalStateListRequest)(nil),           // 2: va_interface.EmotionalStateListRequest
	(*RelationListRequest)(nil),                 // 3: va_interface.RelationListRequest
	(*FixedTextDataRequest)(nil),                // 4: va_interface.FixedTextDataRequest
	(*GetPopupNotificationsRequest)(nil),        // 5: va_interface.GetPopupNotificationsRequest
	(*UserInfoRequest)(nil),                     // 6: va_interface.UserInfoRequest
	(*EditUserNameRequest)(nil),                 // 7: va_interface.EditUserNameRequest
	(*DeleteUserRequest)(nil),                   // 8: va_interface.DeleteUserRequest
	(*UserNotifyTokenRequest)(nil),              // 9: va_interface.UserNotifyTokenRequest
	(*EditUserInfoRequest)(nil),                 // 10: va_interface.EditUserInfoRequest
	(*CreateUserProfileRequest)(nil),            // 11: va_interface.CreateUserProfileRequest
	(*EditUserProfileRequest)(nil),              // 12: va_interface.EditUserProfileRequest
	(*GetUserProfileRequest)(nil),               // 13: va_interface.GetUserProfileRequest
	(*GetCustomProfileListRequest)(nil),         // 14: va_interface.GetCustomProfileListRequest
	(*CreateCustomProfileRequest)(nil),          // 15: va_interface.CreateCustomProfileRequest
	(*DeleteCustomProfileRequest)(nil),          // 16: va_interface.DeleteCustomProfileRequest
	(*EditCustomProfileRequest)(nil),            // 17: va_interface.EditCustomProfileRequest
	(*ChatListRequest)(nil),                     // 18: va_interface.ChatListRequest
	(*ChatMessageListRequest)(nil),              // 19: va_interface.ChatMessageListRequest
	(*ChatMessageSendRequest)(nil),              // 20: va_interface.ChatMessageSendRequest
	(*ChatArchiveRequest)(nil),                  // 21: va_interface.ChatArchiveRequest
	(*DeleteChatMessageRequest)(nil),            // 22: va_interface.DeleteChatMessageRequest
	(*ClearChatHistoryRequest)(nil),             // 23: va_interface.ClearChatHistoryRequest
	(*ListModelsRequest)(nil),                   // 24: va_interface.ListModelsRequest
	(*ListUserProfileChatRequest)(nil),          // 25: va_interface.ListUserProfileChatRequest
	(*ScrollChatMessageRequest)(nil),            // 26: va_interface.ScrollChatMessageRequest
	(*SuggestQuestionsWithProfileRequest)(nil),  // 27: va_interface.SuggestQuestionsWithProfileRequest
	(*StarlitQuestionsWithProfileRequest)(nil),  // 28: va_interface.StarlitQuestionsWithProfileRequest
	(*UploadRequest)(nil),                       // 29: va_interface.UploadRequest
	(*UploadWithOptsRequest)(nil),               // 30: va_interface.UploadWithOptsRequest
	(*ListPromptsRequest)(nil),                  // 31: va_interface.ListPromptsRequest
	(*ListCameraPromptRequest)(nil),             // 32: va_interface.ListCameraPromptRequest
	(*PromptEnhanceRequest)(nil),                // 33: va_interface.PromptEnhanceRequest
	(*GetInspirationPromptsRequest)(nil),        // 34: va_interface.GetInspirationPromptsRequest
	(*GetUserCustomPromptHistoryRequest)(nil),   // 35: va_interface.GetUserCustomPromptHistoryRequest
	(*DeleteCustomPromptHistoryRequest)(nil),    // 36: va_interface.DeleteCustomPromptHistoryRequest
	(*TTSRequest)(nil),                          // 37: va_interface.TTSRequest
	(*ListSpeakerRequest)(nil),                  // 38: va_interface.ListSpeakerRequest
	(*ReportLLMMsgQualityRequest)(nil),          // 39: va_interface.ReportLLMMsgQualityRequest
	(*ReportUserEventRequest)(nil),              // 40: va_interface.ReportUserEventRequest
	(*EventWatchRequest)(nil),                   // 41: va_interface.EventWatchRequest
	(*UserFeedbackRequest)(nil),                 // 42: va_interface.UserFeedbackRequest
	(*CreateOrderRequest)(nil),                  // 43: va_interface.CreateOrderRequest
	(*ProductInfoListRequest)(nil),              // 44: va_interface.ProductInfoListRequest
	(*GetUserAmountRequest)(nil),                // 45: va_interface.GetUserAmountRequest
	(*GetGenioUserAmountRequest)(nil),           // 46: va_interface.GetGenioUserAmountRequest
	(*PaymentResultCallbackRequest)(nil),        // 47: va_interface.PaymentResultCallbackRequest
	(*CreditDetailRequest)(nil),                 // 48: va_interface.CreditDetailRequest
	(*CouponRedeemRequest)(nil),                 // 49: va_interface.CouponRedeemRequest
	(*GetSubscriptionExitConfigRequest)(nil),    // 50: va_interface.GetSubscriptionExitConfigRequest
	(*AddUserCreditsRequest)(nil),               // 51: va_interface.AddUserCreditsRequest
	(*GetUserTaskStatsRequest)(nil),             // 52: va_interface.GetUserTaskStatsRequest
	(*SubmitPictureForgeTaskRequest)(nil),       // 53: va_interface.SubmitPictureForgeTaskRequest
	(*RetryFailedTaskRequest)(nil),              // 54: va_interface.RetryFailedTaskRequest
	(*GetPictureForgeTaskResultRequest)(nil),    // 55: va_interface.GetPictureForgeTaskResultRequest
	(*ListCommunityPictureRequest)(nil),         // 56: va_interface.ListCommunityPictureRequest
	(*ListUserUploadPictureRequest)(nil),        // 57: va_interface.ListUserUploadPictureRequest
	(*ClearUserUploadPictureRequest)(nil),       // 58: va_interface.ClearUserUploadPictureRequest
	(*DeleteUserUploadPictureRequest)(nil),      // 59: va_interface.DeleteUserUploadPictureRequest
	(*ListUserPictureForgeTaskRequest)(nil),     // 60: va_interface.ListUserPictureForgeTaskRequest
	(*PublishPictureRequest)(nil),               // 61: va_interface.PublishPictureRequest
	(*DeletePictureRequest)(nil),                // 62: va_interface.DeletePictureRequest
	(*ListWorkflowKindRequest)(nil),             // 63: va_interface.ListWorkflowKindRequest
	(*ListWorkflowPageRequest)(nil),             // 64: va_interface.ListWorkflowPageRequest
	(*ListKindWithWorkflowsRequest)(nil),        // 65: va_interface.ListKindWithWorkflowsRequest
	(*ListThemeWithWorkflowsRequest)(nil),       // 66: va_interface.ListThemeWithWorkflowsRequest
	(*ListBannerKindWithWorkflowsRequest)(nil),  // 67: va_interface.ListBannerKindWithWorkflowsRequest
	(*SubmitRandomWorkflowTaskRequest)(nil),     // 68: va_interface.SubmitRandomWorkflowTaskRequest
	(*ListAllThemeInfoRequest)(nil),             // 69: va_interface.ListAllThemeInfoRequest
	(*PictureToVideoGuideRequest)(nil),          // 70: va_interface.PictureToVideoGuideRequest
	(*ListPictureToolsRequest)(nil),             // 71: va_interface.ListPictureToolsRequest
	(*GetToolEnhanceRequest)(nil),               // 72: va_interface.GetToolEnhanceRequest
	(*SubmitPictureToolsTaskRequest)(nil),       // 73: va_interface.SubmitPictureToolsTaskRequest
	(*ListPictureToolsTaskResultRequest)(nil),   // 74: va_interface.ListPictureToolsTaskResultRequest
	(*SubmitPictureTaskChainRequest)(nil),       // 75: va_interface.SubmitPictureTaskChainRequest
	(*GetToolRecommendRequest)(nil),             // 76: va_interface.GetToolRecommendRequest
	(*GetWorkflowRecommendRequest)(nil),         // 77: va_interface.GetWorkflowRecommendRequest
	(*GetBannerListRequest)(nil),                // 78: va_interface.GetBannerListRequest
	(*ClickBannerRequest)(nil),                  // 79: va_interface.ClickBannerRequest
	(*ListImageGenerationModelsRequest)(nil),    // 80: va_interface.ListImageGenerationModelsRequest
	(*GuestLoginRequest)(nil),                   // 81: va_interface.GuestLoginRequest
	(*PhoneVerifyCodeRequest)(nil),              // 82: va_interface.PhoneVerifyCodeRequest
	(*PhoneAuthRequest)(nil),                    // 83: va_interface.PhoneAuthRequest
	(*AppleAuthRequest)(nil),                    // 84: va_interface.AppleAuthRequest
	(*GoogleAuthRequest)(nil),                   // 85: va_interface.GoogleAuthRequest
	(*WeChatAuthRequest)(nil),                   // 86: va_interface.WeChatAuthRequest
	(*WeChatSessionRequest)(nil),                // 87: va_interface.WeChatSessionRequest
	(*EmailVerifyCodeRequest)(nil),              // 88: va_interface.EmailVerifyCodeRequest
	(*EmailAuthRequest)(nil),                    // 89: va_interface.EmailAuthRequest
	(*EmailPasswordAuthRequest)(nil),            // 90: va_interface.EmailPasswordAuthRequest
	(*EmailRegisterRequest)(nil),                // 91: va_interface.EmailRegisterRequest
	(*SendPasswordResetCodeRequest)(nil),        // 92: va_interface.SendPasswordResetCodeRequest
	(*ResetPasswordRequest)(nil),                // 93: va_interface.ResetPasswordRequest
	(*TokenRefreshRequest)(nil),                 // 94: va_interface.TokenRefreshRequest
	(*AuthLogoutRequest)(nil),                   // 95: va_interface.AuthLogoutRequest
	(*ConfigurationResponse)(nil),               // 96: va_interface.ConfigurationResponse
	(*FeedbackConfigResponse)(nil),              // 97: va_interface.FeedbackConfigResponse
	(*EmotionalStateListResponse)(nil),          // 98: va_interface.EmotionalStateListResponse
	(*RelationListResponse)(nil),                // 99: va_interface.RelationListResponse
	(*FixedTextDataResponse)(nil),               // 100: va_interface.FixedTextDataResponse
	(*GetPopupNotificationsResponse)(nil),       // 101: va_interface.GetPopupNotificationsResponse
	(*UserInfoResponse)(nil),                    // 102: va_interface.UserInfoResponse
	(*EditUserNameResponse)(nil),                // 103: va_interface.EditUserNameResponse
	(*DeleteUserResponse)(nil),                  // 104: va_interface.DeleteUserResponse
	(*UserNotifyTokenResponse)(nil),             // 105: va_interface.UserNotifyTokenResponse
	(*EditUserInfoResponse)(nil),                // 106: va_interface.EditUserInfoResponse
	(*CreateUserProfileResponse)(nil),           // 107: va_interface.CreateUserProfileResponse
	(*EditUserProfileResponse)(nil),             // 108: va_interface.EditUserProfileResponse
	(*GetUserProfileResponse)(nil),              // 109: va_interface.GetUserProfileResponse
	(*GetCustomProfileListResponse)(nil),        // 110: va_interface.GetCustomProfileListResponse
	(*CreateCustomProfileResponse)(nil),         // 111: va_interface.CreateCustomProfileResponse
	(*DeleteCustomProfileResponse)(nil),         // 112: va_interface.DeleteCustomProfileResponse
	(*EditCustomProfileResponse)(nil),           // 113: va_interface.EditCustomProfileResponse
	(*ChatListResponse)(nil),                    // 114: va_interface.ChatListResponse
	(*ChatMessageListResponse)(nil),             // 115: va_interface.ChatMessageListResponse
	(*ChatMessageStreamResponse)(nil),           // 116: va_interface.ChatMessageStreamResponse
	(*ChatArchiveResponse)(nil),                 // 117: va_interface.ChatArchiveResponse
	(*DeleteChatMessageResponse)(nil),           // 118: va_interface.DeleteChatMessageResponse
	(*ClearChatHistoryResponse)(nil),            // 119: va_interface.ClearChatHistoryResponse
	(*ListModelsResponse)(nil),                  // 120: va_interface.ListModelsResponse
	(*ListUserProfileChatResponse)(nil),         // 121: va_interface.ListUserProfileChatResponse
	(*ScrollChatMessageResponse)(nil),           // 122: va_interface.ScrollChatMessageResponse
	(*SuggestQuestionsWithProfileResponse)(nil), // 123: va_interface.SuggestQuestionsWithProfileResponse
	(*UploadResponse)(nil),                      // 124: va_interface.UploadResponse
	(*UploadWithOptsResponse)(nil),              // 125: va_interface.UploadWithOptsResponse
	(*ListPromptsResponse)(nil),                 // 126: va_interface.ListPromptsResponse
	(*ListCameraPromptResponse)(nil),            // 127: va_interface.ListCameraPromptResponse
	(*PromptEnhanceResponse)(nil),               // 128: va_interface.PromptEnhanceResponse
	(*GetInspirationPromptsResponse)(nil),       // 129: va_interface.GetInspirationPromptsResponse
	(*GetUserCustomPromptHistoryResponse)(nil),  // 130: va_interface.GetUserCustomPromptHistoryResponse
	(*DeleteCustomPromptHistoryResponse)(nil),   // 131: va_interface.DeleteCustomPromptHistoryResponse
	(*TTSStreamResponse)(nil),                   // 132: va_interface.TTSStreamResponse
	(*ListSpeakerResponse)(nil),                 // 133: va_interface.ListSpeakerResponse
	(*ReportLLMMsgQualityResponse)(nil),         // 134: va_interface.ReportLLMMsgQualityResponse
	(*ReportUserEventResponse)(nil),             // 135: va_interface.ReportUserEventResponse
	(*EventWatchResponse)(nil),                  // 136: va_interface.EventWatchResponse
	(*UserFeedbackResponse)(nil),                // 137: va_interface.UserFeedbackResponse
	(*CreateOrderResponse)(nil),                 // 138: va_interface.CreateOrderResponse
	(*ProductInfoListResponse)(nil),             // 139: va_interface.ProductInfoListResponse
	(*GetUserAmountResponse)(nil),               // 140: va_interface.GetUserAmountResponse
	(*GetGenioUserAmountResponse)(nil),          // 141: va_interface.GetGenioUserAmountResponse
	(*PaymentResultCallbackResponse)(nil),       // 142: va_interface.PaymentResultCallbackResponse
	(*CreditDetailResponse)(nil),                // 143: va_interface.CreditDetailResponse
	(*CouponRedeemResponse)(nil),                // 144: va_interface.CouponRedeemResponse
	(*GetSubscriptionExitConfigResponse)(nil),   // 145: va_interface.GetSubscriptionExitConfigResponse
	(*AddUserCreditsResponse)(nil),              // 146: va_interface.AddUserCreditsResponse
	(*GetUserTaskStatsResponse)(nil),            // 147: va_interface.GetUserTaskStatsResponse
	(*SubmitPictureForgeTaskResponse)(nil),      // 148: va_interface.SubmitPictureForgeTaskResponse
	(*RetryFailedTaskResponse)(nil),             // 149: va_interface.RetryFailedTaskResponse
	(*GetPictureForgeTaskResultResponse)(nil),   // 150: va_interface.GetPictureForgeTaskResultResponse
	(*ListCommunityPictureResponse)(nil),        // 151: va_interface.ListCommunityPictureResponse
	(*ListUserUploadPictureResponse)(nil),       // 152: va_interface.ListUserUploadPictureResponse
	(*ClearUserUploadPictureResponse)(nil),      // 153: va_interface.ClearUserUploadPictureResponse
	(*DeleteUserUploadPictureResponse)(nil),     // 154: va_interface.DeleteUserUploadPictureResponse
	(*ListUserPictureForgeTaskResponse)(nil),    // 155: va_interface.ListUserPictureForgeTaskResponse
	(*PublishPictureResponse)(nil),              // 156: va_interface.PublishPictureResponse
	(*DeletePictureResponse)(nil),               // 157: va_interface.DeletePictureResponse
	(*ListWorkflowKindResponse)(nil),            // 158: va_interface.ListWorkflowKindResponse
	(*ListWorkflowPageResponse)(nil),            // 159: va_interface.ListWorkflowPageResponse
	(*ListKindWithWorkflowsResponse)(nil),       // 160: va_interface.ListKindWithWorkflowsResponse
	(*ListThemeWithWorkflowsResponse)(nil),      // 161: va_interface.ListThemeWithWorkflowsResponse
	(*ListBannerKindWithWorkflowsResponse)(nil), // 162: va_interface.ListBannerKindWithWorkflowsResponse
	(*SubmitRandomWorkflowTaskResponse)(nil),    // 163: va_interface.SubmitRandomWorkflowTaskResponse
	(*ListAllThemeInfoResponse)(nil),            // 164: va_interface.ListAllThemeInfoResponse
	(*PictureToVideoGuideResponse)(nil),         // 165: va_interface.PictureToVideoGuideResponse
	(*ListPictureToolsResponse)(nil),            // 166: va_interface.ListPictureToolsResponse
	(*GetToolEnhanceResponse)(nil),              // 167: va_interface.GetToolEnhanceResponse
	(*SubmitPictureToolsTaskResponse)(nil),      // 168: va_interface.SubmitPictureToolsTaskResponse
	(*ListPictureToolsTaskResultResponse)(nil),  // 169: va_interface.ListPictureToolsTaskResultResponse
	(*SubmitPictureTaskChainResponse)(nil),      // 170: va_interface.SubmitPictureTaskChainResponse
	(*GetToolRecommendResponse)(nil),            // 171: va_interface.GetToolRecommendResponse
	(*GetWorkflowRecommendResponse)(nil),        // 172: va_interface.GetWorkflowRecommendResponse
	(*GetBannerListResponse)(nil),               // 173: va_interface.GetBannerListResponse
	(*ClickBannerResponse)(nil),                 // 174: va_interface.ClickBannerResponse
	(*ListImageGenerationModelsResponse)(nil),   // 175: va_interface.ListImageGenerationModelsResponse
	(*AuthResponse)(nil),                        // 176: va_interface.AuthResponse
	(*PhoneVerifyCodeResponse)(nil),             // 177: va_interface.PhoneVerifyCodeResponse
	(*WeChatSessionResponse)(nil),               // 178: va_interface.WeChatSessionResponse
	(*EmailVerifyCodeResponse)(nil),             // 179: va_interface.EmailVerifyCodeResponse
	(*EmailRegisterResponse)(nil),               // 180: va_interface.EmailRegisterResponse
	(*SendPasswordResetCodeResponse)(nil),       // 181: va_interface.SendPasswordResetCodeResponse
	(*ResetPasswordResponse)(nil),               // 182: va_interface.ResetPasswordResponse
	(*TokenRefreshResponse)(nil),                // 183: va_interface.TokenRefreshResponse
	(*AuthLogoutResponse)(nil),                  // 184: va_interface.AuthLogoutResponse
}
var file_service_proto_depIdxs = []int32{
	0,   // 0: va_interface.SystemService.GetAppConfiguration:input_type -> va_interface.ConfigurationRequest
	1,   // 1: va_interface.SystemService.GetFeedBackConfig:input_type -> va_interface.FeedbackConfigRequest
	2,   // 2: va_interface.SystemService.GetEmotionalStateList:input_type -> va_interface.EmotionalStateListRequest
	3,   // 3: va_interface.SystemService.GetRelationList:input_type -> va_interface.RelationListRequest
	4,   // 4: va_interface.SystemService.GetFixedTextData:input_type -> va_interface.FixedTextDataRequest
	5,   // 5: va_interface.SystemService.GetPopupNotifications:input_type -> va_interface.GetPopupNotificationsRequest
	6,   // 6: va_interface.UserService.GetUserInfo:input_type -> va_interface.UserInfoRequest
	7,   // 7: va_interface.UserService.EditUserName:input_type -> va_interface.EditUserNameRequest
	8,   // 8: va_interface.UserService.DeleteUser:input_type -> va_interface.DeleteUserRequest
	9,   // 9: va_interface.UserService.UserNotifyToken:input_type -> va_interface.UserNotifyTokenRequest
	10,  // 10: va_interface.UserService.EditUserInfo:input_type -> va_interface.EditUserInfoRequest
	11,  // 11: va_interface.ProfileService.CreateUserProfile:input_type -> va_interface.CreateUserProfileRequest
	12,  // 12: va_interface.ProfileService.EditUserProfile:input_type -> va_interface.EditUserProfileRequest
	13,  // 13: va_interface.ProfileService.GetUserProfile:input_type -> va_interface.GetUserProfileRequest
	14,  // 14: va_interface.ProfileService.GetCustomProfileList:input_type -> va_interface.GetCustomProfileListRequest
	15,  // 15: va_interface.ProfileService.CreateCustomProfile:input_type -> va_interface.CreateCustomProfileRequest
	16,  // 16: va_interface.ProfileService.DeleteCustomProfile:input_type -> va_interface.DeleteCustomProfileRequest
	17,  // 17: va_interface.ProfileService.EditCustomProfile:input_type -> va_interface.EditCustomProfileRequest
	18,  // 18: va_interface.ChatService.GetChatList:input_type -> va_interface.ChatListRequest
	19,  // 19: va_interface.ChatService.GetChatMessage:input_type -> va_interface.ChatMessageListRequest
	20,  // 20: va_interface.ChatService.SendChatMessageStream:input_type -> va_interface.ChatMessageSendRequest
	21,  // 21: va_interface.ChatService.ChatArchive:input_type -> va_interface.ChatArchiveRequest
	22,  // 22: va_interface.ChatService.DeleteChatMessage:input_type -> va_interface.DeleteChatMessageRequest
	23,  // 23: va_interface.ChatService.ClearChatHistory:input_type -> va_interface.ClearChatHistoryRequest
	24,  // 24: va_interface.ChatService.ListModels:input_type -> va_interface.ListModelsRequest
	25,  // 25: va_interface.ChatService.ListUserProfileChat:input_type -> va_interface.ListUserProfileChatRequest
	26,  // 26: va_interface.ChatService.ScrollChatMessage:input_type -> va_interface.ScrollChatMessageRequest
	27,  // 27: va_interface.ChatService.SuggestQuestionsWithProfile:input_type -> va_interface.SuggestQuestionsWithProfileRequest
	28,  // 28: va_interface.ChatService.StarlitQuestionsWithProfile:input_type -> va_interface.StarlitQuestionsWithProfileRequest
	29,  // 29: va_interface.MediaService.UploadImage:input_type -> va_interface.UploadRequest
	29,  // 30: va_interface.MediaService.SysUploadFile:input_type -> va_interface.UploadRequest
	30,  // 31: va_interface.MediaService.UploadWithOpts:input_type -> va_interface.UploadWithOptsRequest
	31,  // 32: va_interface.PromptService.ListPrompt:input_type -> va_interface.ListPromptsRequest
	32,  // 33: va_interface.PromptService.ListCameraPrompt:input_type -> va_interface.ListCameraPromptRequest
	33,  // 34: va_interface.PromptService.PromptEnhance:input_type -> va_interface.PromptEnhanceRequest
	34,  // 35: va_interface.PromptService.GetInspirationPrompts:input_type -> va_interface.GetInspirationPromptsRequest
	35,  // 36: va_interface.PromptService.GetUserCustomPromptHistory:input_type -> va_interface.GetUserCustomPromptHistoryRequest
	36,  // 37: va_interface.PromptService.DeleteCustomPromptHistory:input_type -> va_interface.DeleteCustomPromptHistoryRequest
	37,  // 38: va_interface.TTSService.GetMsgAudio:input_type -> va_interface.TTSRequest
	38,  // 39: va_interface.TTSService.ListSpeaker:input_type -> va_interface.ListSpeakerRequest
	39,  // 40: va_interface.ReportService.ReportLLMMsgQuality:input_type -> va_interface.ReportLLMMsgQualityRequest
	40,  // 41: va_interface.ReportService.ReportUserEvent:input_type -> va_interface.ReportUserEventRequest
	41,  // 42: va_interface.ReportService.EventWatch:input_type -> va_interface.EventWatchRequest
	42,  // 43: va_interface.ReportService.UserFeedback:input_type -> va_interface.UserFeedbackRequest
	43,  // 44: va_interface.SubscribeService.CreateOrder:input_type -> va_interface.CreateOrderRequest
	44,  // 45: va_interface.SubscribeService.GetProductInfoList:input_type -> va_interface.ProductInfoListRequest
	45,  // 46: va_interface.SubscribeService.GetUserAmount:input_type -> va_interface.GetUserAmountRequest
	46,  // 47: va_interface.SubscribeService.GetGenioUserAmount:input_type -> va_interface.GetGenioUserAmountRequest
	47,  // 48: va_interface.SubscribeService.PaymentResultCallback:input_type -> va_interface.PaymentResultCallbackRequest
	48,  // 49: va_interface.SubscribeService.GetCreditDetail:input_type -> va_interface.CreditDetailRequest
	49,  // 50: va_interface.SubscribeService.CouponRedeem:input_type -> va_interface.CouponRedeemRequest
	50,  // 51: va_interface.SubscribeService.GetSubscriptionExitConfig:input_type -> va_interface.GetSubscriptionExitConfigRequest
	51,  // 52: va_interface.SubscribeService.AddUserCredits:input_type -> va_interface.AddUserCreditsRequest
	52,  // 53: va_interface.SubscribeService.GetUserTaskStats:input_type -> va_interface.GetUserTaskStatsRequest
	53,  // 54: va_interface.PictureForgeService.SubmitPictureForgeTask:input_type -> va_interface.SubmitPictureForgeTaskRequest
	54,  // 55: va_interface.PictureForgeService.RetryFailedTask:input_type -> va_interface.RetryFailedTaskRequest
	55,  // 56: va_interface.PictureForgeService.GetPictureForgeTaskResult:input_type -> va_interface.GetPictureForgeTaskResultRequest
	56,  // 57: va_interface.PictureForgeService.ListCommunityPicture:input_type -> va_interface.ListCommunityPictureRequest
	57,  // 58: va_interface.PictureForgeService.ListUserUploadPicture:input_type -> va_interface.ListUserUploadPictureRequest
	58,  // 59: va_interface.PictureForgeService.ClearUserUploadPicture:input_type -> va_interface.ClearUserUploadPictureRequest
	59,  // 60: va_interface.PictureForgeService.DeleteUserUploadPicture:input_type -> va_interface.DeleteUserUploadPictureRequest
	60,  // 61: va_interface.PictureForgeService.ListUserPictureForgeTask:input_type -> va_interface.ListUserPictureForgeTaskRequest
	61,  // 62: va_interface.PictureForgeService.PublishPicture:input_type -> va_interface.PublishPictureRequest
	62,  // 63: va_interface.PictureForgeService.DeletePicture:input_type -> va_interface.DeletePictureRequest
	63,  // 64: va_interface.PictureForgeService.ListWorkflowKind:input_type -> va_interface.ListWorkflowKindRequest
	64,  // 65: va_interface.PictureForgeService.ListWorkflowPage:input_type -> va_interface.ListWorkflowPageRequest
	65,  // 66: va_interface.PictureForgeService.ListKindWithWorkflows:input_type -> va_interface.ListKindWithWorkflowsRequest
	66,  // 67: va_interface.PictureForgeService.ListThemeWithWorkflows:input_type -> va_interface.ListThemeWithWorkflowsRequest
	67,  // 68: va_interface.PictureForgeService.ListBannerKindWithWorkflows:input_type -> va_interface.ListBannerKindWithWorkflowsRequest
	68,  // 69: va_interface.PictureForgeService.SubmitRandomWorkflowTask:input_type -> va_interface.SubmitRandomWorkflowTaskRequest
	69,  // 70: va_interface.PictureForgeService.ListAllThemeInfo:input_type -> va_interface.ListAllThemeInfoRequest
	70,  // 71: va_interface.PictureForgeService.PictureToVideoGuide:input_type -> va_interface.PictureToVideoGuideRequest
	71,  // 72: va_interface.PictureForgeService.ListPictureTools:input_type -> va_interface.ListPictureToolsRequest
	72,  // 73: va_interface.PictureForgeService.GetToolEnhance:input_type -> va_interface.GetToolEnhanceRequest
	73,  // 74: va_interface.PictureForgeService.SubmitPictureToolsTask:input_type -> va_interface.SubmitPictureToolsTaskRequest
	74,  // 75: va_interface.PictureForgeService.ListPictureToolsTaskResult:input_type -> va_interface.ListPictureToolsTaskResultRequest
	75,  // 76: va_interface.PictureForgeService.SubmitPictureTaskChain:input_type -> va_interface.SubmitPictureTaskChainRequest
	76,  // 77: va_interface.PictureForgeService.GetToolRecommend:input_type -> va_interface.GetToolRecommendRequest
	77,  // 78: va_interface.PictureForgeService.GetWorkflowRecommend:input_type -> va_interface.GetWorkflowRecommendRequest
	78,  // 79: va_interface.PictureForgeService.GetBannerList:input_type -> va_interface.GetBannerListRequest
	79,  // 80: va_interface.PictureForgeService.ClickBanner:input_type -> va_interface.ClickBannerRequest
	80,  // 81: va_interface.PictureForgeService.ListImageGenerationModels:input_type -> va_interface.ListImageGenerationModelsRequest
	81,  // 82: va_interface.AuthService.GuestLogin:input_type -> va_interface.GuestLoginRequest
	82,  // 83: va_interface.AuthService.SendPhoneVerifyCode:input_type -> va_interface.PhoneVerifyCodeRequest
	83,  // 84: va_interface.AuthService.PhoneAuth:input_type -> va_interface.PhoneAuthRequest
	84,  // 85: va_interface.AuthService.AppleAuth:input_type -> va_interface.AppleAuthRequest
	85,  // 86: va_interface.AuthService.GoogleAuth:input_type -> va_interface.GoogleAuthRequest
	86,  // 87: va_interface.AuthService.WeChatAuth:input_type -> va_interface.WeChatAuthRequest
	87,  // 88: va_interface.AuthService.WeChatCheckSession:input_type -> va_interface.WeChatSessionRequest
	87,  // 89: va_interface.AuthService.WeChatResetSession:input_type -> va_interface.WeChatSessionRequest
	88,  // 90: va_interface.AuthService.SendEmailVerifyCode:input_type -> va_interface.EmailVerifyCodeRequest
	89,  // 91: va_interface.AuthService.EmailAuth:input_type -> va_interface.EmailAuthRequest
	90,  // 92: va_interface.AuthService.EmailPasswordAuth:input_type -> va_interface.EmailPasswordAuthRequest
	91,  // 93: va_interface.AuthService.EmailRegister:input_type -> va_interface.EmailRegisterRequest
	92,  // 94: va_interface.AuthService.SendPasswordResetCode:input_type -> va_interface.SendPasswordResetCodeRequest
	93,  // 95: va_interface.AuthService.ResetPassword:input_type -> va_interface.ResetPasswordRequest
	94,  // 96: va_interface.AuthService.RefreshToken:input_type -> va_interface.TokenRefreshRequest
	95,  // 97: va_interface.AuthService.Logout:input_type -> va_interface.AuthLogoutRequest
	96,  // 98: va_interface.SystemService.GetAppConfiguration:output_type -> va_interface.ConfigurationResponse
	97,  // 99: va_interface.SystemService.GetFeedBackConfig:output_type -> va_interface.FeedbackConfigResponse
	98,  // 100: va_interface.SystemService.GetEmotionalStateList:output_type -> va_interface.EmotionalStateListResponse
	99,  // 101: va_interface.SystemService.GetRelationList:output_type -> va_interface.RelationListResponse
	100, // 102: va_interface.SystemService.GetFixedTextData:output_type -> va_interface.FixedTextDataResponse
	101, // 103: va_interface.SystemService.GetPopupNotifications:output_type -> va_interface.GetPopupNotificationsResponse
	102, // 104: va_interface.UserService.GetUserInfo:output_type -> va_interface.UserInfoResponse
	103, // 105: va_interface.UserService.EditUserName:output_type -> va_interface.EditUserNameResponse
	104, // 106: va_interface.UserService.DeleteUser:output_type -> va_interface.DeleteUserResponse
	105, // 107: va_interface.UserService.UserNotifyToken:output_type -> va_interface.UserNotifyTokenResponse
	106, // 108: va_interface.UserService.EditUserInfo:output_type -> va_interface.EditUserInfoResponse
	107, // 109: va_interface.ProfileService.CreateUserProfile:output_type -> va_interface.CreateUserProfileResponse
	108, // 110: va_interface.ProfileService.EditUserProfile:output_type -> va_interface.EditUserProfileResponse
	109, // 111: va_interface.ProfileService.GetUserProfile:output_type -> va_interface.GetUserProfileResponse
	110, // 112: va_interface.ProfileService.GetCustomProfileList:output_type -> va_interface.GetCustomProfileListResponse
	111, // 113: va_interface.ProfileService.CreateCustomProfile:output_type -> va_interface.CreateCustomProfileResponse
	112, // 114: va_interface.ProfileService.DeleteCustomProfile:output_type -> va_interface.DeleteCustomProfileResponse
	113, // 115: va_interface.ProfileService.EditCustomProfile:output_type -> va_interface.EditCustomProfileResponse
	114, // 116: va_interface.ChatService.GetChatList:output_type -> va_interface.ChatListResponse
	115, // 117: va_interface.ChatService.GetChatMessage:output_type -> va_interface.ChatMessageListResponse
	116, // 118: va_interface.ChatService.SendChatMessageStream:output_type -> va_interface.ChatMessageStreamResponse
	117, // 119: va_interface.ChatService.ChatArchive:output_type -> va_interface.ChatArchiveResponse
	118, // 120: va_interface.ChatService.DeleteChatMessage:output_type -> va_interface.DeleteChatMessageResponse
	119, // 121: va_interface.ChatService.ClearChatHistory:output_type -> va_interface.ClearChatHistoryResponse
	120, // 122: va_interface.ChatService.ListModels:output_type -> va_interface.ListModelsResponse
	121, // 123: va_interface.ChatService.ListUserProfileChat:output_type -> va_interface.ListUserProfileChatResponse
	122, // 124: va_interface.ChatService.ScrollChatMessage:output_type -> va_interface.ScrollChatMessageResponse
	123, // 125: va_interface.ChatService.SuggestQuestionsWithProfile:output_type -> va_interface.SuggestQuestionsWithProfileResponse
	116, // 126: va_interface.ChatService.StarlitQuestionsWithProfile:output_type -> va_interface.ChatMessageStreamResponse
	124, // 127: va_interface.MediaService.UploadImage:output_type -> va_interface.UploadResponse
	124, // 128: va_interface.MediaService.SysUploadFile:output_type -> va_interface.UploadResponse
	125, // 129: va_interface.MediaService.UploadWithOpts:output_type -> va_interface.UploadWithOptsResponse
	126, // 130: va_interface.PromptService.ListPrompt:output_type -> va_interface.ListPromptsResponse
	127, // 131: va_interface.PromptService.ListCameraPrompt:output_type -> va_interface.ListCameraPromptResponse
	128, // 132: va_interface.PromptService.PromptEnhance:output_type -> va_interface.PromptEnhanceResponse
	129, // 133: va_interface.PromptService.GetInspirationPrompts:output_type -> va_interface.GetInspirationPromptsResponse
	130, // 134: va_interface.PromptService.GetUserCustomPromptHistory:output_type -> va_interface.GetUserCustomPromptHistoryResponse
	131, // 135: va_interface.PromptService.DeleteCustomPromptHistory:output_type -> va_interface.DeleteCustomPromptHistoryResponse
	132, // 136: va_interface.TTSService.GetMsgAudio:output_type -> va_interface.TTSStreamResponse
	133, // 137: va_interface.TTSService.ListSpeaker:output_type -> va_interface.ListSpeakerResponse
	134, // 138: va_interface.ReportService.ReportLLMMsgQuality:output_type -> va_interface.ReportLLMMsgQualityResponse
	135, // 139: va_interface.ReportService.ReportUserEvent:output_type -> va_interface.ReportUserEventResponse
	136, // 140: va_interface.ReportService.EventWatch:output_type -> va_interface.EventWatchResponse
	137, // 141: va_interface.ReportService.UserFeedback:output_type -> va_interface.UserFeedbackResponse
	138, // 142: va_interface.SubscribeService.CreateOrder:output_type -> va_interface.CreateOrderResponse
	139, // 143: va_interface.SubscribeService.GetProductInfoList:output_type -> va_interface.ProductInfoListResponse
	140, // 144: va_interface.SubscribeService.GetUserAmount:output_type -> va_interface.GetUserAmountResponse
	141, // 145: va_interface.SubscribeService.GetGenioUserAmount:output_type -> va_interface.GetGenioUserAmountResponse
	142, // 146: va_interface.SubscribeService.PaymentResultCallback:output_type -> va_interface.PaymentResultCallbackResponse
	143, // 147: va_interface.SubscribeService.GetCreditDetail:output_type -> va_interface.CreditDetailResponse
	144, // 148: va_interface.SubscribeService.CouponRedeem:output_type -> va_interface.CouponRedeemResponse
	145, // 149: va_interface.SubscribeService.GetSubscriptionExitConfig:output_type -> va_interface.GetSubscriptionExitConfigResponse
	146, // 150: va_interface.SubscribeService.AddUserCredits:output_type -> va_interface.AddUserCreditsResponse
	147, // 151: va_interface.SubscribeService.GetUserTaskStats:output_type -> va_interface.GetUserTaskStatsResponse
	148, // 152: va_interface.PictureForgeService.SubmitPictureForgeTask:output_type -> va_interface.SubmitPictureForgeTaskResponse
	149, // 153: va_interface.PictureForgeService.RetryFailedTask:output_type -> va_interface.RetryFailedTaskResponse
	150, // 154: va_interface.PictureForgeService.GetPictureForgeTaskResult:output_type -> va_interface.GetPictureForgeTaskResultResponse
	151, // 155: va_interface.PictureForgeService.ListCommunityPicture:output_type -> va_interface.ListCommunityPictureResponse
	152, // 156: va_interface.PictureForgeService.ListUserUploadPicture:output_type -> va_interface.ListUserUploadPictureResponse
	153, // 157: va_interface.PictureForgeService.ClearUserUploadPicture:output_type -> va_interface.ClearUserUploadPictureResponse
	154, // 158: va_interface.PictureForgeService.DeleteUserUploadPicture:output_type -> va_interface.DeleteUserUploadPictureResponse
	155, // 159: va_interface.PictureForgeService.ListUserPictureForgeTask:output_type -> va_interface.ListUserPictureForgeTaskResponse
	156, // 160: va_interface.PictureForgeService.PublishPicture:output_type -> va_interface.PublishPictureResponse
	157, // 161: va_interface.PictureForgeService.DeletePicture:output_type -> va_interface.DeletePictureResponse
	158, // 162: va_interface.PictureForgeService.ListWorkflowKind:output_type -> va_interface.ListWorkflowKindResponse
	159, // 163: va_interface.PictureForgeService.ListWorkflowPage:output_type -> va_interface.ListWorkflowPageResponse
	160, // 164: va_interface.PictureForgeService.ListKindWithWorkflows:output_type -> va_interface.ListKindWithWorkflowsResponse
	161, // 165: va_interface.PictureForgeService.ListThemeWithWorkflows:output_type -> va_interface.ListThemeWithWorkflowsResponse
	162, // 166: va_interface.PictureForgeService.ListBannerKindWithWorkflows:output_type -> va_interface.ListBannerKindWithWorkflowsResponse
	163, // 167: va_interface.PictureForgeService.SubmitRandomWorkflowTask:output_type -> va_interface.SubmitRandomWorkflowTaskResponse
	164, // 168: va_interface.PictureForgeService.ListAllThemeInfo:output_type -> va_interface.ListAllThemeInfoResponse
	165, // 169: va_interface.PictureForgeService.PictureToVideoGuide:output_type -> va_interface.PictureToVideoGuideResponse
	166, // 170: va_interface.PictureForgeService.ListPictureTools:output_type -> va_interface.ListPictureToolsResponse
	167, // 171: va_interface.PictureForgeService.GetToolEnhance:output_type -> va_interface.GetToolEnhanceResponse
	168, // 172: va_interface.PictureForgeService.SubmitPictureToolsTask:output_type -> va_interface.SubmitPictureToolsTaskResponse
	169, // 173: va_interface.PictureForgeService.ListPictureToolsTaskResult:output_type -> va_interface.ListPictureToolsTaskResultResponse
	170, // 174: va_interface.PictureForgeService.SubmitPictureTaskChain:output_type -> va_interface.SubmitPictureTaskChainResponse
	171, // 175: va_interface.PictureForgeService.GetToolRecommend:output_type -> va_interface.GetToolRecommendResponse
	172, // 176: va_interface.PictureForgeService.GetWorkflowRecommend:output_type -> va_interface.GetWorkflowRecommendResponse
	173, // 177: va_interface.PictureForgeService.GetBannerList:output_type -> va_interface.GetBannerListResponse
	174, // 178: va_interface.PictureForgeService.ClickBanner:output_type -> va_interface.ClickBannerResponse
	175, // 179: va_interface.PictureForgeService.ListImageGenerationModels:output_type -> va_interface.ListImageGenerationModelsResponse
	176, // 180: va_interface.AuthService.GuestLogin:output_type -> va_interface.AuthResponse
	177, // 181: va_interface.AuthService.SendPhoneVerifyCode:output_type -> va_interface.PhoneVerifyCodeResponse
	176, // 182: va_interface.AuthService.PhoneAuth:output_type -> va_interface.AuthResponse
	176, // 183: va_interface.AuthService.AppleAuth:output_type -> va_interface.AuthResponse
	176, // 184: va_interface.AuthService.GoogleAuth:output_type -> va_interface.AuthResponse
	176, // 185: va_interface.AuthService.WeChatAuth:output_type -> va_interface.AuthResponse
	178, // 186: va_interface.AuthService.WeChatCheckSession:output_type -> va_interface.WeChatSessionResponse
	178, // 187: va_interface.AuthService.WeChatResetSession:output_type -> va_interface.WeChatSessionResponse
	179, // 188: va_interface.AuthService.SendEmailVerifyCode:output_type -> va_interface.EmailVerifyCodeResponse
	176, // 189: va_interface.AuthService.EmailAuth:output_type -> va_interface.AuthResponse
	176, // 190: va_interface.AuthService.EmailPasswordAuth:output_type -> va_interface.AuthResponse
	180, // 191: va_interface.AuthService.EmailRegister:output_type -> va_interface.EmailRegisterResponse
	181, // 192: va_interface.AuthService.SendPasswordResetCode:output_type -> va_interface.SendPasswordResetCodeResponse
	182, // 193: va_interface.AuthService.ResetPassword:output_type -> va_interface.ResetPasswordResponse
	183, // 194: va_interface.AuthService.RefreshToken:output_type -> va_interface.TokenRefreshResponse
	184, // 195: va_interface.AuthService.Logout:output_type -> va_interface.AuthLogoutResponse
	98,  // [98:196] is the sub-list for method output_type
	0,   // [0:98] is the sub-list for method input_type
	0,   // [0:0] is the sub-list for extension type_name
	0,   // [0:0] is the sub-list for extension extendee
	0,   // [0:0] is the sub-list for field type_name
}

func init() { file_service_proto_init() }
func file_service_proto_init() {
	if File_service_proto != nil {
		return
	}
	file_auth_proto_init()
	file_chat_proto_init()
	file_configuration_proto_init()
	file_media_proto_init()
	file_picture_proto_init()
	file_profile_proto_init()
	file_prompt_proto_init()
	file_report_proto_init()
	file_subscribe_proto_init()
	file_tts_proto_init()
	file_userinfo_proto_init()
	type x struct{}
	out := protoimpl.TypeBuilder{
		File: protoimpl.DescBuilder{
			GoPackagePath: reflect.TypeOf(x{}).PkgPath(),
			RawDescriptor: unsafe.Slice(unsafe.StringData(file_service_proto_rawDesc), len(file_service_proto_rawDesc)),
			NumEnums:      0,
			NumMessages:   0,
			NumExtensions: 0,
			NumServices:   11,
		},
		GoTypes:           file_service_proto_goTypes,
		DependencyIndexes: file_service_proto_depIdxs,
	}.Build()
	File_service_proto = out.File
	file_service_proto_goTypes = nil
	file_service_proto_depIdxs = nil
}
